mutant,DMS_score,DMS_score_bin
A16C,-0.5339349390188972,1
A16D,-2.151397379275424,0
A16E,-0.8700782049019722,1
A16F,-0.3289538760383088,1
A16G,-0.961884870287196,1
A16H,-0.6585907029573632,1
A16I,-0.7961238646685871,1
A16K,-1.3106613110658412,0
A16L,-0.7609528785189448,1
A16M,-0.6360854361928245,1
A16N,-1.2852820706888028,0
A16P,-2.051065533893645,0
A16Q,-0.897029711803627,1
A16R,-0.5799075808530096,1
A16S,-0.5378125399710001,1
A16T,-1.165579326168376,0
A16V,-0.792274863869245,1
A16W,-0.2544574387906806,1
A16Y,-0.3556712614485824,1
D24A,0.1031136721709264,1
D24C,-0.086483178029542,1
D24E,0.1362852217586025,1
D24F,-0.156300311213736,1
D24G,-0.131977763285378,1
D24H,-0.1596385983740003,1
D24I,-0.0821022514725999,1
D24K,-0.1358786650681125,1
D24L,-0.1244253769972498,1
D24M,-0.1173268362885577,1
D24N,-0.0996935058751313,1
D24P,-0.3625161611318157,1
D24Q,-0.0479628760071348,1
D24R,-0.1348664049874171,1
D24S,0.0176107459144114,1
D24T,0.0188121219415053,1
D24V,-0.1553759003503949,1
D24W,0.2586982816097198,1
D24Y,-0.0863335871899826,1
D6A,-0.8294752559621277,1
D6A:E32A,-2.4212064519392777,0
D6A:E32D,-2.837894403034167,0
D6A:E32F,-1.6060836924568451,0
D6A:E32G,-3.198873316248368,0
D6A:E32H,-2.6263584052490923,0
D6A:E32I,-1.945897933411268,0
D6A:E32K,-2.517631952227457,0
D6A:E32L,-1.9734126004666088,0
D6A:E32M,-1.89796950200416,0
D6A:E32N,-2.255169059378966,0
D6A:E32P,-3.1368988556587643,0
D6A:E32Q,-2.7423898897118666,0
D6A:E32R,-2.7072858155352293,0
D6A:E32S,-2.741489492547723,0
D6A:E32T,-2.751411863552353,0
D6A:E32V,-2.546331450782457,0
D6A:E32W,-1.6024316305548845,0
D6A:E32Y,-1.6968651834493755,0
D6A:R35A,-1.4720110428117947,0
D6A:R35D,-2.28598732002464,0
D6A:R35E,-2.092236537360682,0
D6A:R35F,-1.4261771106372,0
D6A:R35G,-2.3628271062498025,0
D6A:R35H,-1.724374842842904,0
D6A:R35I,-1.677358958181374,0
D6A:R35K,-1.6537707957642271,0
D6A:R35L,-1.612572225111792,0
D6A:R35M,-1.8121958245174488,0
D6A:R35N,-1.8708843852902264,0
D6A:R35P,-3.0623236112147705,0
D6A:R35Q,-1.895177723856236,0
D6A:R35S,-1.6267588464100688,0
D6A:R35T,-2.091993681687684,0
D6A:R35V,-2.139860038955429,0
D6A:R35W,-1.785498154883629,0
D6A:R35Y,-1.4897599434307125,0
D6A:R36A,-2.4633477813496665,0
D6A:R36D,-3.3183559241289733,0
D6A:R36E,-2.9433356628733574,0
D6A:R36F,-2.395769765870977,0
D6A:R36G,-3.015099956343433,0
D6A:R36H,-2.3679962664078835,0
D6A:R36I,-2.211983326824666,0
D6A:R36K,-2.5537177658379155,0
D6A:R36L,-2.075366719515522,0
D6A:R36M,-2.179258400388994,0
D6A:R36N,-2.6313195651846906,0
D6A:R36P,-3.0618864040460845,0
D6A:R36Q,-2.619495093906553,0
D6A:R36S,-2.808592940295933,0
D6A:R36T,-2.5552219155024,0
D6A:R36V,-2.446017655599082,0
D6A:R36W,-1.7959455641130433,0
D6A:R36Y,-2.4976767185417383,0
D6C,-0.4653282876368334,1
D6E,-1.1795604196929768,0
D6E:E32A,-2.7071394654591865,0
D6E:E32D,-3.1434206949695005,0
D6E:E32F,-2.254345266682756,0
D6E:E32G,-3.5966825423491886,0
D6E:E32H,-2.9302985702162614,0
D6E:E32I,-2.2210085528512344,0
D6E:E32K,-3.18227463426869,0
D6E:E32L,-1.9578061526060224,0
D6E:E32M,-2.557811812133435,0
D6E:E32N,-3.3481448673587093,0
D6E:E32P,-3.6868496442514025,0
D6E:E32Q,-3.11363033131772,0
D6E:E32R,-3.2357878227167176,0
D6E:E32S,-3.496707339689813,0
D6E:E32T,-3.088549182110694,0
D6E:E32V,-2.5028246074977063,0
D6E:E32W,-2.2097417014270864,0
D6E:E32Y,-2.282554002693708,0
D6E:R35A,-1.9696812650799835,0
D6E:R35D,-2.9221626632456745,0
D6E:R35E,-2.560154326370602,0
D6E:R35F,-2.129198474384145,0
D6E:R35G,-2.89234788737994,0
D6E:R35H,-2.2169607620697502,0
D6E:R35I,-2.3681451726568974,0
D6E:R35K,-2.243511174374904,0
D6E:R35L,-2.207089104504818,0
D6E:R35M,-2.259188248144053,0
D6E:R35N,-2.53406016086083,0
D6E:R35P,-3.861471317052559,0
D6E:R35Q,-2.4241358161910185,0
D6E:R35S,-2.345508736768576,0
D6E:R35T,-2.7305065274698306,0
D6E:R35V,-2.520938550353396,0
D6E:R35W,-2.185054106340254,0
D6E:R35Y,-2.116002654513114,0
D6E:R36A,-3.2014511244119825,0
D6E:R36D,-3.591793913497578,0
D6E:R36E,-3.3715359472554414,0
D6E:R36F,-2.9088942289428577,0
D6E:R36G,-3.468925245373165,0
D6E:R36H,-3.0217252845521507,0
D6E:R36I,-2.839819759441011,0
D6E:R36K,-3.072436702295056,0
D6E:R36L,-2.6291849838636945,0
D6E:R36M,-2.5563157751236654,0
D6E:R36N,-3.1118925827301105,0
D6E:R36P,-3.0271628278788656,0
D6E:R36Q,-3.0911641461059096,0
D6E:R36S,-3.13824753022521,0
D6E:R36T,-3.395012657422696,0
D6E:R36V,-2.879327912659192,0
D6E:R36W,-2.561013641650732,0
D6E:R36Y,-2.523135902068634,0
D6F,-0.8323688348782136,1
D6F:E32A,-1.1065342912052762,0
D6F:E32D,-2.151753432210796,0
D6F:E32F,-1.0236938576766694,0
D6F:E32G,-1.8946361508252696,0
D6F:E32H,-1.363392142491949,0
D6F:E32I,-1.227876842229767,0
D6F:E32K,-1.4539761144710508,0
D6F:E32L,-1.023414966780495,0
D6F:E32M,-1.2776984859985587,0
D6F:E32N,-1.9812955954868792,0
D6F:E32P,-2.033290930109809,0
D6F:E32Q,-1.94704116510833,0
D6F:E32R,-1.8074001615020736,0
D6F:E32S,-1.7618005430360335,0
D6F:E32T,-1.603030899601214,0
D6F:E32V,-1.5787187259827649,0
D6F:E32W,-0.8237383108282201,1
D6F:E32Y,-1.0248557712048871,0
D6F:R35A,-1.570212714570525,0
D6F:R35D,-1.741337901012885,0
D6F:R35E,-1.9273851477209325,0
D6F:R35F,-1.2147900803788554,0
D6F:R35G,-1.99837880610301,0
D6F:R35H,-1.466889458358692,0
D6F:R35I,-1.4873148949167725,0
D6F:R35K,-1.5831103876544983,0
D6F:R35L,-1.4354382936861834,0
D6F:R35M,-1.5806926880955976,0
D6F:R35N,-1.6961836992155823,0
D6F:R35P,-2.436290480257623,0
D6F:R35Q,-1.633129864427965,0
D6F:R35S,-1.7311098571441086,0
D6F:R35T,-1.8093357709222888,0
D6F:R35V,-1.8544830634668183,0
D6F:R35W,-1.3399517882259513,0
D6F:R35Y,-1.305743044019247,0
D6F:R36A,-1.766249973285144,0
D6F:R36D,-2.2595523221810256,0
D6F:R36E,-2.287355035367145,0
D6F:R36F,-0.4803377394189878,1
D6F:R36G,-1.6137006524304955,0
D6F:R36H,-1.7921900419831502,0
D6F:R36I,-1.563426790966573,0
D6F:R36K,-1.946403722458412,0
D6F:R36L,-1.322275889487921,0
D6F:R36M,-1.49092129523372,0
D6F:R36N,-1.825637532617144,0
D6F:R36P,-2.5295591066933003,0
D6F:R36Q,-1.8896369711311136,0
D6F:R36S,-1.7934448298629773,0
D6F:R36T,-1.9044284643190084,0
D6F:R36V,-1.4949168046763577,0
D6F:R36W,-1.0644905695194875,0
D6F:R36Y,-1.6405261222913097,0
D6G,-1.625489345752714,0
D6G:E32A,-2.673241230314921,0
D6G:E32D,-3.042813962548696,0
D6G:E32F,-2.049952073868622,0
D6G:E32G,-3.2691080267256645,0
D6G:E32H,-2.958118385494229,0
D6G:E32I,-2.376717071866215,0
D6G:E32K,-3.632334121546904,0
D6G:E32L,-2.080657043610413,0
D6G:E32M,-2.4805281865954742,0
D6G:E32N,-3.144343754041545,0
D6G:E32P,-3.264198304198898,0
D6G:E32Q,-2.994041169158881,0
D6G:E32R,-2.982085113225332,0
D6G:E32S,-2.770844955723758,0
D6G:E32T,-2.407706386691689,0
D6G:E32V,-2.42583445019626,0
D6G:E32W,-2.077375700747475,0
D6G:E32Y,-2.289419637114449,0
D6G:R35A,-2.439019559479481,0
D6G:R35D,-3.0738292864848216,0
D6G:R35E,-3.0837113873645245,0
D6G:R35F,-2.429252607720774,0
D6G:R35G,-2.820933358840884,0
D6G:R35H,-2.547707804172321,0
D6G:R35I,-2.5885483223065604,0
D6G:R35K,-2.500962526909047,0
D6G:R35L,-2.373740180148181,0
D6G:R35M,-2.459812177037769,0
D6G:R35N,-2.5769517055071924,0
D6G:R35P,-3.5297933932055185,0
D6G:R35Q,-2.7150572024996444,0
D6G:R35S,-2.6393887376910645,0
D6G:R35T,-2.7668299704863832,0
D6G:R35V,-2.825521873357624,0
D6G:R35W,-2.2365799364391403,0
D6G:R35Y,-2.399875424306911,0
D6G:R36A,-3.094211233178918,0
D6G:R36D,-3.369914191514475,0
D6G:R36E,-3.638103690497013,0
D6G:R36F,-2.634844416965074,0
D6G:R36G,-3.0565664380189927,0
D6G:R36H,-2.9464193373827885,0
D6G:R36I,-2.6705331407186623,0
D6G:R36K,-2.951279164810902,0
D6G:R36L,-2.3137904465524493,0
D6G:R36M,-2.6455876034602133,0
D6G:R36N,-3.1749813193144725,0
D6G:R36P,-3.346364267257085,0
D6G:R36Q,-2.8188637956394818,0
D6G:R36S,-3.0389991275486,0
D6G:R36T,-2.920933010586473,0
D6G:R36V,-2.655657602151855,0
D6G:R36W,-2.102621113146042,0
D6G:R36Y,-2.736263671671168,0
D6H,-0.9856795563318838,1
D6H:E32A,-2.3377767201526787,0
D6H:E32D,-3.162044112035926,0
D6H:E32F,-2.0618749255864546,0
D6H:E32G,-3.0323727585945,0
D6H:E32H,-2.560027857039586,0
D6H:E32I,-2.145392276870312,0
D6H:E32K,-3.051549684391905,0
D6H:E32L,-1.9771628634395784,0
D6H:E32M,-2.1615474693022367,0
D6H:E32N,-2.962266450231542,0
D6H:E32P,-3.212321761037766,0
D6H:E32Q,-2.933075491114081,0
D6H:E32R,-3.009106183016601,0
D6H:E32S,-2.7584275461427112,0
D6H:E32T,-2.3671810929150467,0
D6H:E32V,-2.430866065237098,0
D6H:E32W,-1.8702407367566911,0
D6H:E32Y,-2.094018956648363,0
D6H:R35A,-1.7962838366325435,0
D6H:R35D,-2.6164673824529165,0
D6H:R35E,-2.3363202305859745,0
D6H:R35F,-1.7875811496345804,0
D6H:R35G,-2.696582437729476,0
D6H:R35H,-2.149741816086101,0
D6H:R35I,-2.114298420962508,0
D6H:R35K,-2.074485327661445,0
D6H:R35L,-1.853426800274108,0
D6H:R35M,-2.017553574550984,0
D6H:R35N,-2.284620566211197,0
D6H:R35P,-3.6725670213118247,0
D6H:R35Q,-2.174116912326892,0
D6H:R35S,-1.989894362773472,0
D6H:R35T,-2.4276758435574446,0
D6H:R35V,-2.0710578995251687,0
D6H:R35W,-1.9604265274516064,0
D6H:R35Y,-1.7983338205335002,0
D6H:R36A,-2.5989669710587835,0
D6H:R36D,-3.201190795661598,0
D6H:R36E,-3.171518903724063,0
D6H:R36F,-2.636062605611329,0
D6H:R36G,-2.8402493988911006,0
D6H:R36H,-2.440360318002329,0
D6H:R36I,-2.450135352511598,0
D6H:R36K,-2.981708167219781,0
D6H:R36L,-2.09459785525433,0
D6H:R36M,-2.461440624806788,0
D6H:R36N,-2.8528969021106785,0
D6H:R36P,-3.187612750196908,0
D6H:R36Q,-2.759919324236853,0
D6H:R36S,-2.713021054394927,0
D6H:R36T,-2.825424760354892,0
D6H:R36V,-2.499783555387725,0
D6H:R36W,-2.040145959804341,0
D6H:R36Y,-2.610005277179736,0
D6I,-0.5992670177120741,1
D6I:E32A,-1.510164879885194,0
D6I:E32D,-2.120662458003064,0
D6I:E32F,-1.007765161739936,0
D6I:E32G,-1.7469040570088556,0
D6I:E32H,-1.562949843104098,0
D6I:E32I,-1.4083512620960583,0
D6I:E32K,-1.9745296699766075,0
D6I:E32L,-1.020719515214784,0
D6I:E32M,-0.867337227550375,1
D6I:E32N,-2.0690350855916675,0
D6I:E32P,-2.5697135025169224,0
D6I:E32Q,-1.7531563819861693,0
D6I:E32R,-1.6961844505920758,0
D6I:E32S,-1.5955272887432257,0
D6I:E32T,-1.7194115054456582,0
D6I:E32V,-1.4388881130296285,0
D6I:E32W,-0.6919043881072993,1
D6I:E32Y,-1.1204122739137912,0
D6I:R35A,-1.2736835278856034,0
D6I:R35D,-1.8291757764995888,0
D6I:R35E,-1.5922186898459432,0
D6I:R35F,-0.9795797516460758,1
D6I:R35G,-1.7889530731937475,0
D6I:R35H,-1.578980505774804,0
D6I:R35I,-1.4113542549470015,0
D6I:R35K,-1.249602880245142,0
D6I:R35L,-1.2833323861174262,0
D6I:R35M,-1.2830162403349172,0
D6I:R35N,-1.4926008744835364,0
D6I:R35P,-2.28488822693457,0
D6I:R35Q,-1.551679605802172,0
D6I:R35S,-1.409881573631126,0
D6I:R35T,-1.6423426894162576,0
D6I:R35V,-1.6716650425253934,0
D6I:R35W,-1.1762173522652306,0
D6I:R35Y,-1.1680025991279672,0
D6I:R36A,-1.6669757654538202,0
D6I:R36D,-2.157520310149473,0
D6I:R36E,-2.122332590452684,0
D6I:R36F,-1.1330495759200736,0
D6I:R36G,-1.7175217284643258,0
D6I:R36H,-1.6679675512986156,0
D6I:R36I,-1.544069878972276,0
D6I:R36K,-1.9576774440508795,0
D6I:R36L,-1.2539042013289563,0
D6I:R36M,-1.3634698749698746,0
D6I:R36N,-1.9894702095890504,0
D6I:R36P,-2.350226439539843,0
D6I:R36Q,-1.876537179677375,0
D6I:R36S,-1.9834356968704616,0
D6I:R36T,-0.9927494626065788,1
D6I:R36V,-1.833150560031248,0
D6I:R36W,-1.1031668616432668,0
D6I:R36Y,-1.3657500719620383,0
D6K,-1.093674748037834,0
D6K:E32A,-2.563430666788732,0
D6K:E32D,-3.265379514857617,0
D6K:E32F,-2.0656610961314947,0
D6K:E32G,-3.256992300004064,0
D6K:E32H,-2.664823270335437,0
D6K:E32I,-2.143889614588629,0
D6K:E32K,-2.942334622881864,0
D6K:E32L,-2.162061173112164,0
D6K:E32M,-2.181400452954411,0
D6K:E32N,-3.2363303544116184,0
D6K:E32P,-3.640043073952155,0
D6K:E32Q,-3.040490477282117,0
D6K:E32R,-3.059358573385482,0
D6K:E32S,-2.5863938090977383,0
D6K:E32T,-2.847104826652588,0
D6K:E32V,-2.673670601915129,0
D6K:E32W,-1.968206455669342,0
D6K:E32Y,-2.3658624196133227,0
D6K:R35A,-1.9550363516544216,0
D6K:R35D,-2.5387439918496417,0
D6K:R35E,-2.557941196010655,0
D6K:R35F,-1.891472289431941,0
D6K:R35G,-2.698149125299576,0
D6K:R35H,-2.30134036125795,0
D6K:R35I,-2.169960255655508,0
D6K:R35K,-2.307684892722916,0
D6K:R35L,-2.0442923181739574,0
D6K:R35M,-2.186439855265636,0
D6K:R35N,-2.276934171003494,0
D6K:R35P,-3.379033192898252,0
D6K:R35Q,-2.427356247772764,0
D6K:R35S,-2.21156163873988,0
D6K:R35T,-2.57372927204262,0
D6K:R35V,-2.468162581718582,0
D6K:R35W,-2.164824924280843,0
D6K:R35Y,-1.8301586373512448,0
D6K:R36A,-2.89576029968812,0
D6K:R36D,-3.420339864694233,0
D6K:R36E,-3.10215760133382,0
D6K:R36F,-2.2374329881853487,0
D6K:R36G,-2.870876565529333,0
D6K:R36H,-2.7680328248381336,0
D6K:R36I,-2.432631293063866,0
D6K:R36K,-3.0469406805991954,0
D6K:R36L,-2.310531739412792,0
D6K:R36M,-2.526685934094261,0
D6K:R36N,-3.1235006974201123,0
D6K:R36P,-3.2541841550577515,0
D6K:R36Q,-2.827052189745552,0
D6K:R36S,-2.757771899841201,0
D6K:R36T,-2.8241882418196496,0
D6K:R36V,-2.8239670458031805,0
D6K:R36W,-2.3707925909959693,0
D6K:R36Y,-2.497559987800817,0
D6L,-0.6020111109345905,1
D6L:E32A,-1.6158962265722936,0
D6L:E32D,-2.1980936208273203,0
D6L:E32F,-1.0313181576173722,0
D6L:E32G,-2.059983277778201,0
D6L:E32H,-1.7482921673191023,0
D6L:E32I,-1.38441239178787,0
D6L:E32K,-1.9804900654076991,0
D6L:E32L,-1.4137395773301038,0
D6L:E32M,-1.248375478863358,0
D6L:E32N,-2.1443400851278303,0
D6L:E32P,-2.395499902188787,0
D6L:E32Q,-1.801278359055006,0
D6L:E32R,-1.124566176957472,0
D6L:E32S,-1.8957750928872623,0
D6L:E32T,-1.636653190287091,0
D6L:E32V,-1.0640380590587553,0
D6L:E32W,-0.7839899859851545,1
D6L:E32Y,-1.2591664207234907,0
D6L:R35A,-1.151610645183382,0
D6L:R35D,-1.7770286641126094,0
D6L:R35E,-1.5900336894885505,0
D6L:R35F,-1.0971871211038602,0
D6L:R35G,-1.6062107224551911,0
D6L:R35H,-1.3839581899283155,0
D6L:R35I,-1.3450189393075664,0
D6L:R35K,-1.2671934563373028,0
D6L:R35L,-1.202342712047528,0
D6L:R35M,-1.314266345517419,0
D6L:R35N,-1.4480120497763256,0
D6L:R35P,-2.384559629584012,0
D6L:R35Q,-1.4036739273840864,0
D6L:R35S,-1.082948291983774,0
D6L:R35T,-1.562559958876276,0
D6L:R35V,-1.499614583053445,0
D6L:R35W,-1.115472328697086,0
D6L:R35Y,-1.1606248471592189,0
D6L:R36A,-1.7686375138421635,0
D6L:R36D,-2.50857723250707,0
D6L:R36E,-2.015586827385797,0
D6L:R36F,-1.5671129957645695,0
D6L:R36G,-1.8260091554656448,0
D6L:R36H,-1.296334692124685,0
D6L:R36I,-1.4617617938630616,0
D6L:R36K,-1.640703291023624,0
D6L:R36L,-1.2897089948859022,0
D6L:R36M,-1.431281995144655,0
D6L:R36N,-1.9988982832243665,0
D6L:R36P,-2.240240677916784,0
D6L:R36Q,-1.78201542431099,0
D6L:R36S,-2.1431937237654166,0
D6L:R36T,-1.919537830513064,0
D6L:R36V,-1.2064703058094817,0
D6L:R36W,-1.4174744054065331,0
D6L:R36Y,-1.3391461558030429,0
D6M,-0.753421855645086,1
D6M:E32A,-1.7018478030917603,0
D6M:E32D,-2.4467124996170164,0
D6M:E32F,-1.227103723979896,0
D6M:E32G,-2.474460429679323,0
D6M:E32H,-2.075669518036399,0
D6M:E32I,-1.4182857939699698,0
D6M:E32K,-2.325526435505872,0
D6M:E32L,-1.4598944748912,0
D6M:E32M,-1.6669311613589182,0
D6M:E32N,-2.2224763094539206,0
D6M:E32P,-2.397736645646909,0
D6M:E32Q,-2.1684222021665827,0
D6M:E32R,-2.3000639390671744,0
D6M:E32S,-2.2405029209940484,0
D6M:E32T,-2.10037343154552,0
D6M:E32V,-1.6788835971650695,0
D6M:E32W,-1.3072742387223224,0
D6M:E32Y,-1.55189202561896,0
D6M:R35A,-1.401774412482372,0
D6M:R35D,-2.1186939629564687,0
D6M:R35E,-1.7876853695059174,0
D6M:R35F,-1.2852168851072716,0
D6M:R35G,-2.110515108991033,0
D6M:R35H,-1.7038148916069715,0
D6M:R35I,-1.618749246608976,0
D6M:R35K,-1.61789941120558,0
D6M:R35L,-1.3500157649308573,0
D6M:R35M,-1.4582802468100615,0
D6M:R35N,-1.5278963259053164,0
D6M:R35P,-2.6257289258288914,0
D6M:R35Q,-1.7841040061718925,0
D6M:R35S,-1.6211866749178632,0
D6M:R35T,-1.815872888323647,0
D6M:R35V,-1.6711921519351811,0
D6M:R35W,-1.5337151187511495,0
D6M:R35Y,-1.4100627869722442,0
D6M:R36A,-2.1176147175251856,0
D6M:R36D,-2.4919873684148426,0
D6M:R36E,-2.30680128891478,0
D6M:R36F,-1.6815394615686723,0
D6M:R36G,-2.24246167244488,0
D6M:R36H,-1.7976771384033283,0
D6M:R36I,-1.7735478356498446,0
D6M:R36K,-2.19714538963469,0
D6M:R36L,-1.5872378508938587,0
D6M:R36M,-1.5584838621291468,0
D6M:R36N,-2.190891928333735,0
D6M:R36P,-2.534960650283371,0
D6M:R36Q,-2.108189157206364,0
D6M:R36S,-2.0583435703795745,0
D6M:R36T,-2.2944465339081885,0
D6M:R36V,-1.9914520783750724,0
D6M:R36W,-1.3785227019011077,0
D6M:R36Y,-1.8497698419558724,0
D6N,-0.066461545662022,1
D6N:E32A,-2.2047401221645515,0
D6N:E32D,-2.8778491004654567,0
D6N:E32F,-2.192844062284521,0
D6N:E32G,-3.1461533397253705,0
D6N:E32H,-2.545593270700043,0
D6N:E32I,-1.8796012997748823,0
D6N:E32K,-3.229430965874847,0
D6N:E32L,-1.8895213616912727,0
D6N:E32M,-1.8938466699278995,0
D6N:E32N,-2.875429035850312,0
D6N:E32P,-3.4545450045337147,0
D6N:E32Q,-2.7717135938359485,0
D6N:E32R,-2.951309087726026,0
D6N:E32S,-2.989137250380904,0
D6N:E32T,-2.536883011819061,0
D6N:E32V,-2.4059701127655075,0
D6N:E32W,-1.982013029239728,0
D6N:E32Y,-2.234814162652451,0
D6N:R35A,-0.5857750945218032,1
D6N:R35D,-1.434662043343089,0
D6N:R35E,-1.1879170890175912,0
D6N:R35F,-0.5793434398567876,1
D6N:R35G,-1.5557754101440224,0
D6N:R35H,-0.8839290696915993,1
D6N:R35I,-0.9001194234149485,1
D6N:R35K,-0.7915873324403151,1
D6N:R35L,-0.6851531146326071,1
D6N:R35M,-0.8785858320732638,1
D6N:R35N,-0.903955861052308,1
D6N:R35P,-3.516006991128189,0
D6N:R35Q,-0.9923518671248264,1
D6N:R35S,-0.8738475167910638,1
D6N:R35T,-1.218612509013533,0
D6N:R35V,-1.099155449749024,0
D6N:R35W,-0.8485036723213257,1
D6N:R35Y,-0.5606143102993957,1
D6N:R36A,-2.88969272392369,0
D6N:R36D,-3.264395380219627,0
D6N:R36E,-3.623380895183331,0
D6N:R36F,-2.9021523040012784,0
D6N:R36G,-3.076626319172981,0
D6N:R36H,-2.7983690827104644,0
D6N:R36I,-2.5931272702161245,0
D6N:R36K,-2.8420698549433783,0
D6N:R36L,-2.4228302668664687,0
D6N:R36M,-2.5683892506475856,0
D6N:R36N,-3.091673559887601,0
D6N:R36P,-3.921750556084002,0
D6N:R36Q,-3.10928120623744,0
D6N:R36S,-2.8028936149619748,0
D6N:R36T,-3.010158139567205,0
D6N:R36V,-3.027107251001812,0
D6N:R36W,-2.39140223716626,0
D6N:R36Y,-2.77326012549143,0
D6P,-1.4260289656039915,0
D6P:E32A,-2.7399057160721827,0
D6P:E32D,-3.1297965607714726,0
D6P:E32F,-2.1406129973848445,0
D6P:E32G,-3.126836463416395,0
D6P:E32H,-2.9296333453289973,0
D6P:E32I,-2.2690177739821142,0
D6P:E32K,-3.623006856350869,0
D6P:E32L,-2.034983926282268,0
D6P:E32M,-2.27709057163091,0
D6P:E32N,-3.195778240762035,0
D6P:E32P,-3.804889533453837,0
D6P:E32Q,-3.116116934363216,0
D6P:E32R,-3.130710738142424,0
D6P:E32S,-2.8480953705792524,0
D6P:E32T,-2.901848238772738,0
D6P:E32V,-2.6199692805518064,0
D6P:E32W,-1.9528806380197,0
D6P:E32Y,-2.3857843634521005,0
D6P:R35A,-2.2579765037041684,0
D6P:R35D,-2.773976582168898,0
D6P:R35E,-2.6931897708284422,0
D6P:R35F,-2.2015166441718006,0
D6P:R35G,-2.9001281582498,0
D6P:R35H,-2.4889655732675133,0
D6P:R35I,-2.429172437186014,0
D6P:R35K,-2.462073903644411,0
D6P:R35L,-2.294794613380337,0
D6P:R35M,-2.435170088383702,0
D6P:R35N,-2.4683647723848203,0
D6P:R35P,-3.472462762703483,0
D6P:R35Q,-2.45839283465208,0
D6P:R35S,-2.3881327700695323,0
D6P:R35T,-2.69469878907928,0
D6P:R35V,-2.741791662097402,0
D6P:R35W,-2.216439772356272,0
D6P:R35Y,-2.191003473398866,0
D6P:R36A,-2.8811665076153554,0
D6P:R36D,-3.4869720256913674,0
D6P:R36E,-3.468186861238725,0
D6P:R36F,-2.6302534836079525,0
D6P:R36G,-2.8893310443533973,0
D6P:R36H,-2.7560724869072377,0
D6P:R36I,-2.6167801589842177,0
D6P:R36K,-3.2304487099094463,0
D6P:R36L,-2.3675535023792555,0
D6P:R36M,-2.5542880364472884,0
D6P:R36N,-3.3212360350928067,0
D6P:R36P,-3.530902061449141,0
D6P:R36Q,-2.9467889202499027,0
D6P:R36S,-3.0848173112441426,0
D6P:R36T,-3.0952422730806126,0
D6P:R36V,-2.8666405956905874,0
D6P:R36W,-2.3982543371690914,0
D6P:R36Y,-2.70020393688673,0
D6Q,-1.064502511700678,0
D6Q:E32A,-2.770979806360861,0
D6Q:E32D,-3.1814444658914067,0
D6Q:E32F,-1.852170157824148,0
D6Q:E32G,-3.466658811910713,0
D6Q:E32H,-2.8826441498205666,0
D6Q:E32I,-2.1683839745753577,0
D6Q:E32K,-3.258758053469508,0
D6Q:E32L,-2.366026692867745,0
D6Q:E32M,-2.489163860350355,0
D6Q:E32N,-3.1983274597081865,0
D6Q:E32P,-3.6163155639472633,0
D6Q:E32Q,-3.4356038551197323,0
D6Q:E32R,-3.022391606101128,0
D6Q:E32S,-3.026106273870167,0
D6Q:E32T,-2.802846953097818,0
D6Q:E32V,-2.517328620690334,0
D6Q:E32W,-1.8373863927610088,0
D6Q:E32Y,-2.275727005641618,0
D6Q:R35A,-1.9537172981030475,0
D6Q:R35D,-2.7648858515206984,0
D6Q:R35E,-2.471979958457118,0
D6Q:R35F,-1.9117866998099933,0
D6Q:R35G,-2.607582663929098,0
D6Q:R35H,-2.321645212552529,0
D6Q:R35I,-2.286824679355166,0
D6Q:R35K,-2.275919422290488,0
D6Q:R35L,-2.1294219696579284,0
D6Q:R35M,-2.127314917991232,0
D6Q:R35N,-2.240123842153419,0
D6Q:R35P,-3.415315698277697,0
D6Q:R35Q,-2.4015785200209208,0
D6Q:R35S,-2.1849306847466483,0
D6Q:R35T,-2.6582724272396767,0
D6Q:R35V,-2.3662280211388604,0
D6Q:R35W,-2.0933765941419447,0
D6Q:R35Y,-1.9916054594482293,0
D6Q:R36A,-2.7522602640553835,0
D6Q:R36D,-3.590206779371669,0
D6Q:R36E,-2.886356554726329,0
D6Q:R36F,-2.694869420354124,0
D6Q:R36G,-2.912814105495191,0
D6Q:R36H,-2.8181939295749348,0
D6Q:R36I,-2.632543016326589,0
D6Q:R36K,-3.05694878066492,0
D6Q:R36L,-2.342269050257271,0
D6Q:R36M,-2.438719763396139,0
D6Q:R36N,-3.2342864170600203,0
D6Q:R36P,-3.316309200556043,0
D6Q:R36Q,-2.6073519277171844,0
D6Q:R36S,-2.8828273969536564,0
D6Q:R36T,-2.986958141000712,0
D6Q:R36V,-2.5700403085083865,0
D6Q:R36W,-2.236658370637185,0
D6Q:R36Y,-2.721594398261459,0
D6R,-1.102267454662611,0
D6R:E32A,-2.3064506310855903,0
D6R:E32D,-2.9522364898199966,0
D6R:E32F,-1.956141755765444,0
D6R:E32G,-3.0457164201276927,0
D6R:E32H,-2.541209698685857,0
D6R:E32I,-2.0063585390613845,0
D6R:E32K,-2.7059778412473867,0
D6R:E32L,-1.9096917792448265,0
D6R:E32M,-2.212736606323076,0
D6R:E32N,-2.8073995081983227,0
D6R:E32P,-3.4309178390715385,0
D6R:E32Q,-2.8799855105773045,0
D6R:E32R,-2.872760427349305,0
D6R:E32S,-2.763977843295227,0
D6R:E32T,-2.700038302077417,0
D6R:E32V,-2.345567058899676,0
D6R:E32W,-1.8537460377694808,0
D6R:E32Y,-2.2608552615955,0
D6R:R35A,-1.9493364282212329,0
D6R:R35D,-2.5085931885150208,0
D6R:R35E,-2.4835995846562,0
D6R:R35F,-2.063806139514737,0
D6R:R35G,-2.7233418492351045,0
D6R:R35H,-2.257349704982672,0
D6R:R35I,-2.233914245231598,0
D6R:R35K,-2.0860526102969787,0
D6R:R35L,-2.0852533525504047,0
D6R:R35M,-2.081425577564856,0
D6R:R35N,-2.25827470195418,0
D6R:R35P,-3.4093945557773337,0
D6R:R35Q,-2.280250859546109,0
D6R:R35S,-2.128756597568164,0
D6R:R35T,-2.545290637517658,0
D6R:R35V,-2.337802771709679,0
D6R:R35W,-1.9962677661510564,0
D6R:R35Y,-1.817968031345042,0
D6R:R36A,-2.520922654625978,0
D6R:R36D,-3.624641565052057,0
D6R:R36E,-3.19627943041043,0
D6R:R36F,-2.2003854596764434,0
D6R:R36G,-3.093068689071348,0
D6R:R36H,-2.6911811260302216,0
D6R:R36I,-2.3985845154387,0
D6R:R36K,-2.5945647909297547,0
D6R:R36L,-2.158542908045909,0
D6R:R36M,-2.248900953097467,0
D6R:R36N,-2.975377370517329,0
D6R:R36P,-2.963901506854276,0
D6R:R36Q,-2.6240904792999724,0
D6R:R36S,-2.6847409021510247,0
D6R:R36T,-2.64588905652525,0
D6R:R36V,-2.447431666750894,0
D6R:R36W,-2.205412134081612,0
D6R:R36Y,-2.0810513697678443,0
D6S,-0.7212851410752219,1
D6S:E32A,-2.6753861204047524,0
D6S:E32D,-3.1689373767741165,0
D6S:E32F,-1.896079812931908,0
D6S:E32G,-3.2598418386357246,0
D6S:E32H,-3.074256380305163,0
D6S:E32I,-2.201161652683493,0
D6S:E32K,-3.377385430953737,0
D6S:E32L,-2.310410047157181,0
D6S:E32M,-2.269010712223896,0
D6S:E32N,-3.218733159630196,0
D6S:E32P,-3.60638514339314,0
D6S:E32Q,-2.7639750592995567,0
D6S:E32R,-3.358831048432456,0
D6S:E32S,-2.848093725471994,0
D6S:E32T,-2.764738098005668,0
D6S:E32V,-2.579732442605085,0
D6S:E32W,-2.1196486122896703,0
D6S:E32Y,-2.095882338314071,0
D6S:R35A,-1.3316348701799514,0
D6S:R35D,-2.202027407934105,0
D6S:R35E,-1.9535240872264552,0
D6S:R35F,-1.2863865682856437,0
D6S:R35G,-2.276515609448161,0
D6S:R35H,-1.748771096354937,0
D6S:R35I,-1.7712556444494805,0
D6S:R35K,-1.626466406322182,0
D6S:R35L,-1.6385992853392688,0
D6S:R35M,-1.71485744190176,0
D6S:R35N,-1.7815446100738366,0
D6S:R35P,-2.957563041509248,0
D6S:R35Q,-1.945785083574796,0
D6S:R35S,-1.6968990141744755,0
D6S:R35T,-2.0709933578332897,0
D6S:R35V,-1.957788954042544,0
D6S:R35W,-1.750295572091563,0
D6S:R35Y,-1.3660998087863598,0
D6S:R36A,-2.769154299096361,0
D6S:R36D,-3.545560425423824,0
D6S:R36E,-3.3544132004342035,0
D6S:R36F,-2.7315451315593515,0
D6S:R36G,-3.2429591411225465,0
D6S:R36H,-2.884944062443084,0
D6S:R36I,-2.516991512955673,0
D6S:R36K,-3.037097205977442,0
D6S:R36L,-2.272079711730819,0
D6S:R36M,-2.556230174533189,0
D6S:R36N,-3.218904188053888,0
D6S:R36P,-3.31160703268332,0
D6S:R36Q,-2.979925523794668,0
D6S:R36S,-2.7540851020666417,0
D6S:R36T,-3.0325460049937623,0
D6S:R36V,-2.896997716572247,0
D6S:R36W,-2.198861234127101,0
D6S:R36Y,-2.764505770612873,0
D6T,-0.4002225584234152,1
D6T:E32A,-2.507400845593336,0
D6T:E32D,-2.9675871315979805,0
D6T:E32F,-1.7961476975234756,0
D6T:E32G,-3.203807294841586,0
D6T:E32H,-2.642316830594772,0
D6T:E32I,-1.9188469303575515,0
D6T:E32K,-3.189298414807226,0
D6T:E32L,-1.8483611370456865,0
D6T:E32M,-2.135274521197043,0
D6T:E32N,-2.922510854166396,0
D6T:E32P,-3.5031976235527083,0
D6T:E32Q,-2.775284956121362,0
D6T:E32R,-3.008208382365232,0
D6T:E32S,-2.739575651892525,0
D6T:E32T,-2.6712856401598866,0
D6T:E32V,-2.3300603416503347,0
D6T:E32W,-1.926118192401668,0
D6T:E32Y,-2.01215842664216,0
D6T:R35A,-0.9933284249727978,1
D6T:R35D,-1.9259169210192304,0
D6T:R35E,-1.7555007558014228,0
D6T:R35F,-1.1409381781549213,0
D6T:R35G,-2.1849679278106366,0
D6T:R35H,-1.4006882644423229,0
D6T:R35I,-1.6458876226039472,0
D6T:R35K,-1.372946365332206,0
D6T:R35L,-1.2465623838455793,0
D6T:R35M,-1.4017574242796482,0
D6T:R35N,-1.379591699234175,0
D6T:R35P,-3.631151736818121,0
D6T:R35Q,-1.48452662796001,0
D6T:R35S,-1.4105741083862062,0
D6T:R35T,-1.8195715077102024,0
D6T:R35V,-1.7158489379742865,0
D6T:R35W,-1.4602531631461395,0
D6T:R35Y,-1.0895720595028622,0
D6T:R36A,-2.811726414102298,0
D6T:R36D,-3.3449675045007066,0
D6T:R36E,-3.213686665534604,0
D6T:R36F,-2.200038686763672,0
D6T:R36G,-2.8616108612573514,0
D6T:R36H,-2.705562093130122,0
D6T:R36I,-2.4761939079165822,0
D6T:R36K,-3.050940120609256,0
D6T:R36L,-2.035729578955791,0
D6T:R36M,-2.4293291809294635,0
D6T:R36N,-2.898890712561612,0
D6T:R36P,-3.663604251502496,0
D6T:R36Q,-2.63938954391068,0
D6T:R36S,-2.857682486172224,0
D6T:R36T,-2.665510237967688,0
D6T:R36V,-2.757765265425442,0
D6T:R36W,-2.253917267089572,0
D6T:R36Y,-2.6004703949759875,0
D6V,-0.6997942333870063,1
D6V:E32A,-1.8369453116459864,0
D6V:E32D,-2.449403164624122,0
D6V:E32F,-0.9854700463541493,1
D6V:E32G,-2.4842571682789094,0
D6V:E32H,-2.077938527258256,0
D6V:E32I,-1.192550145460539,0
D6V:E32K,-1.9670185621186025,0
D6V:E32L,-1.452939050807871,0
D6V:E32M,-1.5059566453984188,0
D6V:E32N,-2.262421932958334,0
D6V:E32P,-2.640033048548379,0
D6V:E32Q,-2.236843577811038,0
D6V:E32R,-2.22487910254413,0
D6V:E32S,-2.095167475946962,0
D6V:E32T,-2.2890287100448745,0
D6V:E32V,-1.581710483867751,0
D6V:E32W,-1.0003706670352035,0
D6V:E32Y,-1.39180541815941,0
D6V:R35A,-1.3735313323660536,0
D6V:R35D,-2.0349815994559366,0
D6V:R35E,-1.875769207966744,0
D6V:R35F,-1.2313702917472886,0
D6V:R35G,-2.1374701644020293,0
D6V:R35H,-1.7195495003316137,0
D6V:R35I,-1.6387443400045556,0
D6V:R35K,-1.7101121441981604,0
D6V:R35L,-1.4709377285368568,0
D6V:R35M,-1.5745328887000256,0
D6V:R35N,-1.671148637436625,0
D6V:R35P,-2.7737691522447605,0
D6V:R35Q,-1.7254126277993782,0
D6V:R35S,-1.6107491676027097,0
D6V:R35T,-1.950129998015123,0
D6V:R35V,-1.7646039274665355,0
D6V:R35W,-1.5165741891007865,0
D6V:R35Y,-1.3619659638539252,0
D6V:R36A,-2.1737706910828374,0
D6V:R36D,-2.663609697512668,0
D6V:R36E,-2.6504335147674265,0
D6V:R36F,-1.803534706697679,0
D6V:R36G,-1.8727527725185893,0
D6V:R36H,-1.8191719128023296,0
D6V:R36I,-1.8748157646490065,0
D6V:R36K,-2.1093065903418537,0
D6V:R36L,-1.5809052078336263,0
D6V:R36M,-1.5250209634146,0
D6V:R36N,-2.1657635251356804,0
D6V:R36P,-2.130951480834636,0
D6V:R36Q,-2.1747770861264444,0
D6V:R36S,-2.1747051853214154,0
D6V:R36T,-2.227149270407465,0
D6V:R36V,-2.05990621222431,0
D6V:R36W,-1.335546683143952,0
D6V:R36Y,-1.6055665471551277,0
D6W,-0.4433199096327547,1
D6W:E32A,-1.4080795228227676,0
D6W:E32D,-2.2591174426057914,0
D6W:E32F,-1.2545786730050352,0
D6W:E32G,-2.0154481100978794,0
D6W:E32H,-1.4893580565241824,0
D6W:E32I,-1.1271158763114668,0
D6W:E32K,-2.054917669392734,0
D6W:E32L,-1.0808686121233615,0
D6W:E32M,-1.2743427561281253,0
D6W:E32N,-2.12256516535858,0
D6W:E32P,-2.200273688823831,0
D6W:E32Q,-1.7318450321599734,0
D6W:E32R,-1.5866001455023664,0
D6W:E32S,-1.674877254873962,0
D6W:E32T,-1.7293704805439505,0
D6W:E32V,-1.330642090772408,0
D6W:E32W,-0.5078219730219833,1
D6W:E32Y,-1.1172186197631184,0
D6W:R35A,-0.981862865775899,1
D6W:R35D,-1.720551208162176,0
D6W:R35E,-1.354622594215756,0
D6W:R35F,-0.8993171439024659,1
D6W:R35G,-1.819966171096282,0
D6W:R35H,-1.0324531091344795,0
D6W:R35I,-1.071408202900611,0
D6W:R35K,-1.1687803741298262,0
D6W:R35L,-0.9767292783839636,1
D6W:R35M,-1.10589903971373,0
D6W:R35N,-1.4086800914640911,0
D6W:R35P,-2.170469950834217,0
D6W:R35Q,-1.331813957733578,0
D6W:R35S,-1.1017700001879875,0
D6W:R35T,-1.3911796240334675,0
D6W:R35V,-1.3784408667547234,0
D6W:R35W,-1.0401779494356802,0
D6W:R35Y,-0.847693723473375,1
D6W:R36A,-1.5630717670764107,0
D6W:R36D,-2.5322101041584646,0
D6W:R36E,-2.033682880912713,0
D6W:R36F,-1.0439106102110172,0
D6W:R36G,-1.576024431470603,0
D6W:R36H,-1.7164111975682954,0
D6W:R36I,-1.367673893499452,0
D6W:R36K,-1.8256381396352217,0
D6W:R36L,-1.140363521873967,0
D6W:R36M,-1.3729529122105322,0
D6W:R36N,-1.8119037118689256,0
D6W:R36P,-2.1041354062670434,0
D6W:R36Q,-1.504222541467615,0
D6W:R36S,-1.7168864804732653,0
D6W:R36T,-1.7915289137573716,0
D6W:R36V,-1.5223510098156,0
D6W:R36W,-1.1271912981071646,0
D6W:R36Y,-1.3332282654333252,0
D6Y,-0.82347570730396,1
D6Y:E32A,-1.957070936579418,0
D6Y:E32D,-2.162013317540183,0
D6Y:E32F,-1.4703575964628213,0
D6Y:E32G,-2.317805577728893,0
D6Y:E32H,-1.987856117288917,0
D6Y:E32I,-1.561117082857166,0
D6Y:E32K,-2.2974127715264387,0
D6Y:E32L,-1.3926811232036722,0
D6Y:E32M,-1.468289858794494,0
D6Y:E32N,-2.627001022189903,0
D6Y:E32P,-2.682170335018512,0
D6Y:E32Q,-1.9635843613022,0
D6Y:E32R,-2.308050333745464,0
D6Y:E32S,-2.345193710222185,0
D6Y:E32T,-1.7129918406129725,0
D6Y:E32V,-1.6841461700396267,0
D6Y:E32W,-1.1841648914144542,0
D6Y:E32Y,-1.519764793374636,0
D6Y:R35A,-1.6891091756905985,0
D6Y:R35D,-2.241518736121633,0
D6Y:R35E,-2.1283280063200367,0
D6Y:R35F,-1.34893369967102,0
D6Y:R35G,-2.248400899188556,0
D6Y:R35H,-1.9933682026687551,0
D6Y:R35I,-1.6785696699960786,0
D6Y:R35K,-1.8748405947525904,0
D6Y:R35L,-1.5947146215249035,0
D6Y:R35M,-1.6516860268584213,0
D6Y:R35N,-1.9130030716704904,0
D6Y:R35P,-2.5145007879055337,0
D6Y:R35Q,-1.833143260463004,0
D6Y:R35S,-1.7922357111470446,0
D6Y:R35T,-1.9021367065366683,0
D6Y:R35V,-1.8600832387226225,0
D6Y:R35W,-1.3824880552889836,0
D6Y:R35Y,-1.4619966024516795,0
D6Y:R36A,-2.1878068741802754,0
D6Y:R36D,-2.576317293623275,0
D6Y:R36E,-2.597310230404812,0
D6Y:R36F,-1.699859997967382,0
D6Y:R36G,-2.208588824691204,0
D6Y:R36H,-1.9259282827393087,0
D6Y:R36I,-1.926166154582153,0
D6Y:R36K,-2.007996225181276,0
D6Y:R36L,-1.5266098399584151,0
D6Y:R36M,-1.7308283081940234,0
D6Y:R36N,-2.3396214473622763,0
D6Y:R36P,-2.6335734354488647,0
D6Y:R36Q,-2.137427404463862,0
D6Y:R36S,-2.274578397151536,0
D6Y:R36T,-2.231373542408421,0
D6Y:R36V,-1.991646527654085,0
D6Y:R36W,-1.7067447950531558,0
D6Y:R36Y,-1.750493185037546,0
E11A,0.3343618338579039,1
E11C,0.3531066029113621,1
E11D,-0.2237136674644553,1
E11F,0.1830636088774264,1
E11G,-0.5360551913395355,1
E11H,-0.0041726680352001,1
E11I,0.1159946627267274,1
E11K,0.0319054642279006,1
E11L,0.3129691872047009,1
E11M,0.2742195186175191,1
E11N,-0.2614226099711993,1
E11P,-1.9935494633457875,0
E11Q,0.2550691769941711,1
E11R,0.1552302374446577,1
E11S,-0.1595714231183529,1
E11T,-0.1812907945794082,1
E11V,-0.0716596055729255,1
E11W,0.557478349693068,1
E11Y,0.2865040082630208,1
E18A,0.2842043978880149,1
E18C,0.2416829698557041,1
E18D,-0.3667421825052317,1
E18F,-0.1828127429557482,1
E18G,-0.1439444788801234,1
E18H,0.0272093190978708,1
E18I,-0.1103817578340624,1
E18K,-0.0873363260036934,1
E18L,-0.0698127311142062,1
E18M,-0.0262287529187026,1
E18N,-0.188691980710336,1
E18P,-1.6744935890903256,0
E18Q,0.1082570931840694,1
E18R,0.0518955181481595,1
E18S,0.1207068839755844,1
E18T,-0.3552024347199878,1
E18V,-0.2917698119037384,1
E18W,-0.1735772893951179,1
E18Y,-0.1705765674614454,1
E27A,0.0595727691838057,1
E27C,-0.235462572739217,1
E27D,-0.1268129052189874,1
E27F,-0.1544122687929801,1
E27G,-0.3880219805245897,1
E27H,-0.142398279891903,1
E27I,0.0986128587761987,1
E27K,0.0621870940911848,1
E27L,0.0991910666734061,1
E27M,0.1402624268245591,1
E27N,-0.1238070256919021,1
E27P,-1.6211744808795572,0
E27Q,0.0474747863523163,1
E27R,0.00382584385417,1
E27S,-0.0840116612858592,1
E27T,0.0484953975003397,1
E27V,0.0447308969307291,1
E27W,-0.1050042320034196,1
E27Y,-0.1822301805252699,1
E30A,0.0531523756162961,1
E30C,-0.0851152782408188,1
E30D,-1.1689792336004898,0
E30F,0.1783460886343579,1
E30G,-0.5958075416704531,1
E30H,-0.2691870409769308,1
E30I,0.379463292017228,1
E30K,0.1023659748571863,1
E30L,0.2726235994811286,1
E30M,0.2595546965582369,1
E30N,-0.748232912571607,1
E30P,-2.7373912339634456,0
E30Q,-0.327908396565344,1
E30R,0.105484415281468,1
E30S,-0.1920638992623491,1
E30T,0.0251720658399063,1
E30V,0.3493149964523772,1
E30W,0.311727696452432,1
E30Y,0.1570498994382583,1
E32A,-2.086233836157559,0
E32A:R35A,-1.892797692795264,0
E32A:R35D,-2.248367095597721,0
E32A:R35E,-1.8342226787258769,0
E32A:R35F,-2.034584436451703,0
E32A:R35G,-2.4660882464217218,0
E32A:R35H,-2.418381157436877,0
E32A:R35I,-2.296606060980899,0
E32A:R35K,-2.389168143534465,0
E32A:R35L,-1.97903668316808,0
E32A:R35M,-1.979121293436128,0
E32A:R35N,-2.33580962034053,0
E32A:R35P,-3.2991938693594003,0
E32A:R35Q,-2.135888420709297,0
E32A:R35S,-2.239291986220516,0
E32A:R35T,-2.5553262743960965,0
E32A:R35V,-2.428367823073807,0
E32A:R35W,-2.3302781300774846,0
E32A:R35Y,-2.0803409640774086,0
E32A:R36A,-2.715700450251301,0
E32A:R36D,-3.454346972370718,0
E32A:R36E,-3.1634991995756216,0
E32A:R36F,-2.2859729010473866,0
E32A:R36G,-2.977411067228368,0
E32A:R36H,-2.918423622946108,0
E32A:R36I,-2.4506655287918284,0
E32A:R36K,-2.860910926107165,0
E32A:R36L,-2.0464351202643347,0
E32A:R36M,-2.2839859874048374,0
E32A:R36N,-3.0755241602920607,0
E32A:R36P,-3.5562194359690062,0
E32A:R36Q,-3.0866931211525985,0
E32A:R36S,-3.093647092690394,0
E32A:R36T,-2.7819659755448622,0
E32A:R36V,-2.769436161622576,0
E32A:R36W,-2.377269894920532,0
E32A:R36Y,-2.4405041257861955,0
E32C,-1.846862843307911,0
E32D,-2.5624620379369043,0
E32D:R35A,-2.9361986962521867,0
E32D:R35D,-3.2267477532907214,0
E32D:R35E,-3.285597523671768,0
E32D:R35F,-3.126558702147883,0
E32D:R35G,-3.6049655179282287,0
E32D:R35H,-3.373572574615184,0
E32D:R35I,-3.2750457266925124,0
E32D:R35K,-3.0916075978475703,0
E32D:R35L,-2.886566922493809,0
E32D:R35M,-2.923851630850097,0
E32D:R35N,-3.144381514900633,0
E32D:R35P,-3.6086572067082416,0
E32D:R35Q,-3.200131210844857,0
E32D:R35S,-3.0235650767271345,0
E32D:R35T,-3.04566976264914,0
E32D:R35V,-3.183689275430296,0
E32D:R35W,-3.14631596412771,0
E32D:R35Y,-2.969960019075915,0
E32D:R36A,-3.67554045715728,0
E32D:R36D,-3.996607730177252,0
E32D:R36E,-4.2927304755505045,0
E32D:R36F,-3.823354587043501,0
E32D:R36G,-3.4454238908175374,0
E32D:R36H,-3.4636730712706414,0
E32D:R36I,-3.235650963591351,0
E32D:R36K,-3.594188133840665,0
E32D:R36L,-3.2150266488083945,0
E32D:R36M,-3.304503978236861,0
E32D:R36N,-3.815390845038119,0
E32D:R36P,-3.804036479555448,0
E32D:R36Q,-3.584774865419809,0
E32D:R36S,-3.648880944459648,0
E32D:R36T,-3.5167446326294094,0
E32D:R36V,-3.618342343586653,0
E32D:R36W,-3.8091996441959095,0
E32D:R36Y,-3.3396600084507293,0
E32F,-1.91045568005064,0
E32F:R35A,-2.04977435343546,0
E32F:R35D,-2.512815609358622,0
E32F:R35E,-1.6686035345195855,0
E32F:R35F,-1.8931622926865568,0
E32F:R35G,-2.262073775900857,0
E32F:R35H,-2.2057381125897733,0
E32F:R35I,-2.08757766828875,0
E32F:R35K,-2.341854020939188,0
E32F:R35L,-1.850182089079146,0
E32F:R35M,-1.8703787358782995,0
E32F:R35N,-2.286216167269552,0
E32F:R35P,-2.693941599478644,0
E32F:R35Q,-2.0536578553163,0
E32F:R35S,-2.044131843035926,0
E32F:R35T,-2.3641657198099137,0
E32F:R35V,-2.32742747321888,0
E32F:R35W,-1.613835938369446,0
E32F:R35Y,-1.9333892137204,0
E32F:R36A,-2.261063159425614,0
E32F:R36D,-2.770924318708269,0
E32F:R36E,-2.42751017619814,0
E32F:R36F,-1.4578277870133562,0
E32F:R36G,-2.396481217893402,0
E32F:R36H,-1.9904414564337287,0
E32F:R36I,-1.977790317084128,0
E32F:R36K,-2.194454179910536,0
E32F:R36L,-1.3401078237187267,0
E32F:R36M,-1.6781680284231433,0
E32F:R36N,-1.9737925859340144,0
E32F:R36P,-2.973812087069579,0
E32F:R36Q,-2.437246734021601,0
E32F:R36S,-2.3108414456693698,0
E32F:R36T,-2.097399065120648,0
E32F:R36V,-2.107465819985769,0
E32F:R36W,-1.8633127156019689,0
E32F:R36Y,-1.4915389023848065,0
E32G,-3.0772840515277373,0
E32G:R35A,-3.304814042698621,0
E32G:R35D,-3.39602716988024,0
E32G:R35E,-3.404984542255874,0
E32G:R35F,-3.0167146722047424,0
E32G:R35G,-3.7710566503271736,0
E32G:R35H,-3.550493611298547,0
E32G:R35I,-3.31313854824876,0
E32G:R35K,-3.604940702312349,0
E32G:R35L,-3.293553208419593,0
E32G:R35M,-3.0172887341832904,0
E32G:R35N,-3.3212712048987365,0
E32G:R35P,-4.067718534277204,0
E32G:R35Q,-3.50140559051197,0
E32G:R35S,-3.4085768237521856,0
E32G:R35T,-3.365020989119768,0
E32G:R35V,-3.443762138531543,0
E32G:R35W,-3.137247247600833,0
E32G:R35Y,-2.9867408036307235,0
E32G:R36A,-2.929290036827146,0
E32G:R36D,-3.908492354251488,0
E32G:R36E,-3.4446242422641986,0
E32G:R36F,-3.066834765785884,0
E32G:R36G,-3.277268043066797,0
E32G:R36H,-3.363961600412902,0
E32G:R36I,-2.9132642393041794,0
E32G:R36K,-3.6770809955346406,0
E32G:R36L,-3.0447125930600976,0
E32G:R36M,-2.9902224570064586,0
E32G:R36N,-3.86480358972129,0
E32G:R36P,-3.906893875015451,0
E32G:R36Q,-3.469387501816962,0
E32G:R36S,-3.070495359274387,0
E32G:R36T,-3.40065752836003,0
E32G:R36V,-3.2844793889210617,0
E32G:R36W,-2.872765143155429,0
E32G:R36Y,-3.07624266921252,0
E32H,-2.3682550487920238,0
E32H:R35A,-2.316518641430819,0
E32H:R35D,-2.758110282616878,0
E32H:R35E,-2.327162863116897,0
E32H:R35F,-2.449808001952582,0
E32H:R35G,-2.848429868674207,0
E32H:R35H,-2.7987340691595683,0
E32H:R35I,-2.5440766499980363,0
E32H:R35K,-2.597368832755028,0
E32H:R35L,-2.260619236744072,0
E32H:R35M,-2.099353895109193,0
E32H:R35N,-2.678498821858525,0
E32H:R35P,-3.5083982683942407,0
E32H:R35Q,-2.4631100805791046,0
E32H:R35S,-2.444902046570522,0
E32H:R35T,-2.781421194315098,0
E32H:R35V,-2.773545359799899,0
E32H:R35W,-2.354068075351719,0
E32H:R35Y,-2.3472365493482936,0
E32H:R36A,-2.985506672001709,0
E32H:R36D,-3.471126534394681,0
E32H:R36E,-3.492885207927053,0
E32H:R36F,-2.603262379325456,0
E32H:R36G,-3.30706434775804,0
E32H:R36H,-2.8742015341793605,0
E32H:R36I,-3.03312480707656,0
E32H:R36K,-3.216171152954232,0
E32H:R36L,-2.4254701193105905,0
E32H:R36M,-2.9719252222396246,0
E32H:R36N,-3.1331660050036114,0
E32H:R36P,-3.689682455121875,0
E32H:R36Q,-3.055201314978229,0
E32H:R36S,-3.2113544391469984,0
E32H:R36T,-3.183468441439944,0
E32H:R36V,-3.058285874454476,0
E32H:R36W,-2.2974901418467253,0
E32H:R36Y,-2.555035765219392,0
E32I,-1.828257833127236,0
E32I:R35A,-1.4683175984634589,0
E32I:R35D,-1.5658573187221216,0
E32I:R35E,-0.8112883383379197,1
E32I:R35F,-1.6619497973082915,0
E32I:R35G,-1.822467784118372,0
E32I:R35H,-1.8131590663941408,0
E32I:R35I,-1.8413914391457749,0
E32I:R35K,-1.9160893612049232,0
E32I:R35L,-1.599515943290264,0
E32I:R35M,-1.5934145538091515,0
E32I:R35N,-2.0341639814122634,0
E32I:R35P,-3.108689448362028,0
E32I:R35Q,-1.5920133174198257,0
E32I:R35S,-1.51180456691408,0
E32I:R35T,-2.052942378263933,0
E32I:R35V,-1.988503020304912,0
E32I:R35W,-1.2287721066991972,0
E32I:R35Y,-1.6248864070870384,0
E32I:R36A,-2.399666492562088,0
E32I:R36D,-3.060591185909548,0
E32I:R36E,-3.0404978163897214,0
E32I:R36F,-1.5590470164686376,0
E32I:R36G,-2.732914767501539,0
E32I:R36H,-2.53534711011596,0
E32I:R36I,-2.1466319301957184,0
E32I:R36K,-2.541872269857177,0
E32I:R36L,-1.8191831831557428,0
E32I:R36M,-2.070889429292051,0
E32I:R36N,-2.586911370200021,0
E32I:R36P,-3.153266769628445,0
E32I:R36Q,-2.773836873868537,0
E32I:R36S,-2.453494719731585,0
E32I:R36T,-2.2397648527081766,0
E32I:R36V,-2.5045520566865065,0
E32I:R36W,-1.6414714797792915,0
E32I:R36Y,-1.9516774483870385,0
E32K,-3.043880596807949,0
E32K:R35A,-2.9737474854208275,0
E32K:R35D,-3.0850614872101274,0
E32K:R35E,-2.9240020355772005,0
E32K:R35F,-3.075663036633112,0
E32K:R35G,-3.221297785565407,0
E32K:R35H,-3.312683242246373,0
E32K:R35I,-3.320575920783493,0
E32K:R35K,-3.1284265729373946,0
E32K:R35L,-3.07206072305588,0
E32K:R35M,-2.912707856927157,0
E32K:R35N,-3.1410570459446783,0
E32K:R35P,-3.646349246801331,0
E32K:R35Q,-2.930438859513299,0
E32K:R35S,-3.238327943697588,0
E32K:R35T,-3.189928978318798,0
E32K:R35V,-3.384573835914832,0
E32K:R35W,-2.5383696230923256,0
E32K:R35Y,-2.7809571967452555,0
E32K:R36A,-3.1802056256334668,0
E32K:R36D,-3.6707345200989008,0
E32K:R36E,-3.552479525211608,0
E32K:R36F,-2.8692282092372867,0
E32K:R36G,-3.359342594923731,0
E32K:R36H,-3.216571731715005,0
E32K:R36I,-3.140519791425035,0
E32K:R36K,-3.3617169666255577,0
E32K:R36L,-2.9938366124662608,0
E32K:R36M,-3.050571238926529,0
E32K:R36N,-3.539365951610976,0
E32K:R36P,-3.441301326618341,0
E32K:R36Q,-3.678312174439583,0
E32K:R36S,-3.2357892871870177,0
E32K:R36T,-3.158006308528621,0
E32K:R36V,-3.4613068261005004,0
E32K:R36W,-2.80510616409914,0
E32K:R36Y,-2.712979561410162,0
E32L,-1.736435442772807,0
E32L:R35A,-1.4670656694079784,0
E32L:R35D,-1.7164260338571915,0
E32L:R35E,-1.013682317618704,0
E32L:R35F,-1.669934175016479,0
E32L:R35G,-1.8385415748006115,0
E32L:R35H,-1.909076817798204,0
E32L:R35I,-1.7414857762436973,0
E32L:R35K,-1.89832638318514,0
E32L:R35L,-1.3787922803157595,0
E32L:R35M,-1.5199147786726,0
E32L:R35N,-2.0226681497376457,0
E32L:R35P,-2.773071752486538,0
E32L:R35Q,-1.579814361683317,0
E32L:R35S,-1.626704970499864,0
E32L:R35T,-1.9896228438550647,0
E32L:R35V,-1.9850463497536144,0
E32L:R35W,-1.466989188778365,0
E32L:R35Y,-1.515149977196152,0
E32L:R36A,-2.188074890834856,0
E32L:R36D,-2.7132861386801617,0
E32L:R36E,-2.870293219690238,0
E32L:R36F,-1.8724689215241848,0
E32L:R36G,-2.549381653443325,0
E32L:R36H,-2.5880625276986047,0
E32L:R36I,-2.0873204066591065,0
E32L:R36K,-2.571885337606445,0
E32L:R36L,-1.791253523063339,0
E32L:R36M,-2.0273423986959376,0
E32L:R36N,-2.647451895841929,0
E32L:R36P,-2.688066750226034,0
E32L:R36Q,-2.565380779415218,0
E32L:R36S,-2.4943846385447657,0
E32L:R36T,-1.870930197974843,0
E32L:R36V,-2.310047861248836,0
E32L:R36W,-1.842389438931628,0
E32L:R36Y,-1.834220008926899,0
E32M,-1.8171523051065648,0
E32M:R35A,-1.7293140987857534,0
E32M:R35D,-1.8371463219193591,0
E32M:R35E,-1.5159430147125337,0
E32M:R35F,-1.905690847201344,0
E32M:R35G,-2.172681265365592,0
E32M:R35H,-2.075305499991124,0
E32M:R35I,-2.104825238740053,0
E32M:R35K,-1.99288819677157,0
E32M:R35L,-1.854895444067648,0
E32M:R35M,-1.6644375578677182,0
E32M:R35N,-2.259127595180637,0
E32M:R35P,-2.8809166953758685,0
E32M:R35Q,-1.8128792660874349,0
E32M:R35S,-1.9770168103788537,0
E32M:R35T,-2.0761580498060743,0
E32M:R35V,-2.0899647417793075,0
E32M:R35W,-1.8183871025319995,0
E32M:R35Y,-1.835190216787408,0
E32M:R36A,-2.412363838428082,0
E32M:R36D,-3.051485888554735,0
E32M:R36E,-2.92955488056794,0
E32M:R36F,-2.102688158928787,0
E32M:R36G,-2.6710193524211654,0
E32M:R36H,-2.7129723108626544,0
E32M:R36I,-1.957279677755437,0
E32M:R36K,-2.802763513727732,0
E32M:R36L,-2.2306677242756603,0
E32M:R36M,-2.026741165257861,0
E32M:R36N,-2.495232197897576,0
E32M:R36P,-2.9825902829306643,0
E32M:R36Q,-2.6188389298384127,0
E32M:R36S,-2.630325110292202,0
E32M:R36T,-2.631947931043242,0
E32M:R36V,-2.516110869318777,0
E32M:R36W,-1.925087012337312,0
E32M:R36Y,-2.0556097683766708,0
E32N,-2.9530161541631275,0
E32N:R35A,-2.756525870758629,0
E32N:R35D,-3.268927539240805,0
E32N:R35E,-3.267338124603112,0
E32N:R35F,-2.939742704156491,0
E32N:R35G,-3.223255722490011,0
E32N:R35H,-3.300136242751097,0
E32N:R35I,-2.977835025793774,0
E32N:R35K,-3.211937719617994,0
E32N:R35L,-2.782168629280545,0
E32N:R35M,-2.805670481862504,0
E32N:R35N,-3.3907178853026383,0
E32N:R35P,-3.933344692031783,0
E32N:R35Q,-3.2949342042510965,0
E32N:R35S,-3.144560813077563,0
E32N:R35T,-3.5237457278108937,0
E32N:R35V,-3.3041200679985474,0
E32N:R35W,-2.986582615508757,0
E32N:R35Y,-2.912384075578045,0
E32N:R36A,-3.657139924672697,0
E32N:R36D,-3.546713822194348,0
E32N:R36E,-3.613562993339328,0
E32N:R36F,-3.112295453600474,0
E32N:R36G,-3.667892200560644,0
E32N:R36H,-3.336585768040308,0
E32N:R36I,-3.530031486365138,0
E32N:R36K,-3.688638301576306,0
E32N:R36L,-2.882466704811686,0
E32N:R36M,-3.188032773782384,0
E32N:R36N,-3.5475379204019464,0
E32N:R36P,-3.753750139962325,0
E32N:R36Q,-3.23588701022466,0
E32N:R36S,-3.53165733194039,0
E32N:R36T,-3.358252409446004,0
E32N:R36V,-3.1947892880365107,0
E32N:R36W,-3.0385248663716173,0
E32N:R36Y,-3.2906905776177777,0
E32P,-3.537586856369409,0
E32P:R35A,-4.214027664788113,0
E32P:R35D,-4.213899483864546,0
E32P:R35E,-3.5799563926349927,0
E32P:R35F,-3.580364122939072,0
E32P:R35G,-4.284359919696045,0
E32P:R35H,-3.8960967557093618,0
E32P:R35I,-3.765385315482132,0
E32P:R35K,-4.0151310184346425,0
E32P:R35L,-3.4927345429059367,0
E32P:R35M,-3.861090233393823,0
E32P:R35N,-3.653505777998322,0
E32P:R35P,-3.791337772925948,0
E32P:R35Q,-4.195876823677985,0
E32P:R35S,-3.60802632061082,0
E32P:R35T,-3.83381913262991,0
E32P:R35V,-3.8109711251820455,0
E32P:R35W,-3.9121708440484873,0
E32P:R35Y,-3.661494168791821,0
E32P:R36A,-3.482280255687387,0
E32P:R36D,-3.452774499692142,0
E32P:R36E,-3.9053301901891175,0
E32P:R36G,-4.141306747588147,0
E32P:R36H,-3.5915572101169726,0
E32P:R36I,-3.883506013122813,0
E32P:R36K,-3.462411526236872,0
E32P:R36L,-3.517243481039912,0
E32P:R36M,-3.693355205808573,0
E32P:R36N,-4.061024460469017,0
E32P:R36P,-3.7148647578782543,0
E32P:R36Q,-3.4472476320959724,0
E32P:R36S,-3.436926886966475,0
E32P:R36T,-3.708601638569984,0
E32P:R36V,-3.6878934298017017,0
E32P:R36Y,-4.156459547899042,0
E32Q,-2.5097880177774483,0
E32Q:R35A,-2.239080810330098,0
E32Q:R35D,-2.7070192163618683,0
E32Q:R35E,-2.2286084855047457,0
E32Q:R35F,-2.374567023888396,0
E32Q:R35G,-2.8690342725287,0
E32Q:R35H,-2.612706447037369,0
E32Q:R35I,-2.3657852017674657,0
E32Q:R35K,-2.6279306979328148,0
E32Q:R35L,-2.0395310412218124,0
E32Q:R35M,-2.2901737025416304,0
E32Q:R35N,-2.771574498549156,0
E32Q:R35P,-3.6090253296131753,0
E32Q:R35Q,-2.3804835912411857,0
E32Q:R35S,-2.43814924830265,0
E32Q:R35T,-2.801494670438115,0
E32Q:R35V,-2.7212939377616947,0
E32Q:R35W,-2.5041235923024514,0
E32Q:R35Y,-2.392542512761633,0
E32Q:R36A,-3.0955156455893778,0
E32Q:R36D,-3.828994404723948,0
E32Q:R36E,-3.703383609705752,0
E32Q:R36F,-2.878132076204149,0
E32Q:R36G,-3.203811214812938,0
E32Q:R36H,-3.281035451631844,0
E32Q:R36I,-3.1652831791687066,0
E32Q:R36K,-3.675117165833905,0
E32Q:R36L,-2.742841939632929,0
E32Q:R36M,-2.933692397387045,0
E32Q:R36N,-3.4308179762030004,0
E32Q:R36P,-3.638115854534064,0
E32Q:R36Q,-3.235682446274418,0
E32Q:R36S,-3.166800646184736,0
E32Q:R36T,-3.3766536331414554,0
E32Q:R36V,-3.2261733061640085,0
E32Q:R36W,-2.8707725051348163,0
E32Q:R36Y,-2.8718960340281967,0
E32R,-2.8379906469320035,0
E32R:R35A,-2.883791863955721,0
E32R:R35D,-3.150895143619613,0
E32R:R35E,-2.8457028111514013,0
E32R:R35F,-2.8262695600299583,0
E32R:R35G,-3.50969644198838,0
E32R:R35H,-3.0447879717020654,0
E32R:R35I,-3.14508521005873,0
E32R:R35K,-3.308281160050106,0
E32R:R35L,-2.711803329666954,0
E32R:R35M,-2.5009940543817617,0
E32R:R35N,-3.138773740742223,0
E32R:R35P,-3.354784089554618,0
E32R:R35Q,-3.0914721267597214,0
E32R:R35S,-3.2172554789205137,0
E32R:R35T,-3.6012496089149657,0
E32R:R35V,-3.0767636097885225,0
E32R:R35W,-2.474465083456674,0
E32R:R35Y,-2.65370703490318,0
E32R:R36A,-3.109414127291186,0
E32R:R36D,-3.4613933729394426,0
E32R:R36E,-3.4545097540400143,0
E32R:R36F,-3.239806079223912,0
E32R:R36G,-3.069633083577028,0
E32R:R36H,-3.199476335939225,0
E32R:R36I,-2.94549061005344,0
E32R:R36K,-3.016475676524356,0
E32R:R36L,-2.909787101479183,0
E32R:R36M,-3.105795267630828,0
E32R:R36N,-3.4602819515389167,0
E32R:R36P,-3.571280960736204,0
E32R:R36Q,-3.217908306560884,0
E32R:R36S,-3.3221592228624885,0
E32R:R36T,-3.5353483810045443,0
E32R:R36V,-2.883837134513527,0
E32R:R36W,-3.0408308710231453,0
E32R:R36Y,-2.9466375471056634,0
E32S,-2.836368059749436,0
E32S:R35A,-2.781638842707677,0
E32S:R35D,-3.1328574001889526,0
E32S:R35E,-2.848509848161223,0
E32S:R35F,-2.6104460669368814,0
E32S:R35G,-3.110416883171603,0
E32S:R35H,-2.777775857143648,0
E32S:R35I,-2.866879410980499,0
E32S:R35K,-3.227990738125865,0
E32S:R35L,-2.7404572654995034,0
E32S:R35M,-3.041201508574692,0
E32S:R35N,-3.114450875728445,0
E32S:R35P,-3.698395017129229,0
E32S:R35Q,-2.84815980081988,0
E32S:R35S,-2.9779949758035444,0
E32S:R35T,-3.1078806302748645,0
E32S:R35V,-3.2235649305241387,0
E32S:R35W,-2.895787892467827,0
E32S:R35Y,-2.8727391533048,0
E32S:R36A,-3.043460904013874,0
E32S:R36D,-3.824681627746349,0
E32S:R36E,-3.500618793570006,0
E32S:R36F,-2.732621030855832,0
E32S:R36G,-3.428815632901772,0
E32S:R36H,-3.0494027249585365,0
E32S:R36I,-2.30548065579936,0
E32S:R36K,-3.2060539719675947,0
E32S:R36L,-2.782962691922391,0
E32S:R36M,-2.8465300838581937,0
E32S:R36N,-3.2243668305236235,0
E32S:R36P,-3.5001792773896816,0
E32S:R36Q,-3.149588929679557,0
E32S:R36S,-3.3242796084438178,0
E32S:R36T,-3.1645504933515896,0
E32S:R36V,-3.021811280899946,0
E32S:R36W,-2.5708382120134106,0
E32S:R36Y,-2.888615387733015,0
E32T,-2.5472724037180936,0
E32T:R35A,-2.429279444666278,0
E32T:R35D,-2.619790696866235,0
E32T:R35E,-2.295205383519795,0
E32T:R35F,-2.535708906256392,0
E32T:R35G,-2.9356237842726296,0
E32T:R35H,-2.855143721414966,0
E32T:R35I,-2.61018328307288,0
E32T:R35K,-2.7785902420161968,0
E32T:R35L,-2.3967404320090395,0
E32T:R35M,-2.32253039434578,0
E32T:R35N,-2.8337850854595783,0
E32T:R35P,-3.261855118505518,0
E32T:R35Q,-2.5411573143474686,0
E32T:R35S,-2.589356526061815,0
E32T:R35T,-2.961551419609956,0
E32T:R35V,-2.683471889313452,0
E32T:R35W,-2.016239910748073,0
E32T:R35Y,-2.5356838020062207,0
E32T:R36A,-2.902182894529343,0
E32T:R36D,-3.6900455929883016,0
E32T:R36E,-3.272596606751623,0
E32T:R36F,-2.5144824812871533,0
E32T:R36G,-3.1111770213340213,0
E32T:R36H,-2.955405582633351,0
E32T:R36I,-2.640790887196488,0
E32T:R36K,-2.873639496349576,0
E32T:R36L,-2.2337811169715907,0
E32T:R36M,-2.291382561003339,0
E32T:R36N,-3.34962439263824,0
E32T:R36P,-3.588514641258689,0
E32T:R36Q,-3.270269807101057,0
E32T:R36S,-2.800080538512029,0
E32T:R36T,-3.124587402541897,0
E32T:R36V,-2.963519822056691,0
E32T:R36W,-2.532963955490361,0
E32T:R36Y,-2.642959934200893,0
E32V,-2.1493367423783503,0
E32V:R35A,-1.9952398616952,0
E32V:R35D,-2.2824108427569554,0
E32V:R35E,-1.543680336253871,0
E32V:R35F,-2.091199767572606,0
E32V:R35G,-2.3816702573004784,0
E32V:R35H,-2.1704741177948987,0
E32V:R35I,-2.1513190571936054,0
E32V:R35K,-2.533122877729455,0
E32V:R35L,-2.00450975669294,0
E32V:R35M,-1.8989868005782569,0
E32V:R35N,-2.408538595383823,0
E32V:R35P,-3.160057703465746,0
E32V:R35Q,-2.053325297509338,0
E32V:R35S,-2.031232242374543,0
E32V:R35T,-2.431131890735609,0
E32V:R35V,-2.415089443422739,0
E32V:R35W,-2.16429743637442,0
E32V:R35Y,-2.1035396338747976,0
E32V:R36A,-2.72636741091162,0
E32V:R36D,-3.485798001280319,0
E32V:R36E,-3.385372304067034,0
E32V:R36F,-2.2047555432464403,0
E32V:R36G,-2.9571844286069213,0
E32V:R36H,-2.906276630241575,0
E32V:R36I,-2.423686493239583,0
E32V:R36K,-2.8953008112093226,0
E32V:R36L,-2.065402607368894,0
E32V:R36M,-2.090355098503421,0
E32V:R36N,-2.908219905686115,0
E32V:R36P,-3.0923888476481967,0
E32V:R36Q,-3.02086715221624,0
E32V:R36S,-2.739645528216184,0
E32V:R36T,-2.803747831872159,0
E32V:R36V,-2.5876157547970724,0
E32V:R36W,-2.359562139687696,0
E32V:R36Y,-2.376467964571489,0
E32W,-1.8945803507060883,0
E32W:R35A,-1.921593686695683,0
E32W:R35D,-2.2481680779950337,0
E32W:R35E,-1.991523267912819,0
E32W:R35F,-1.847255752190418,0
E32W:R35G,-2.172204672557016,0
E32W:R35H,-1.864511687144038,0
E32W:R35I,-1.8340611873581183,0
E32W:R35K,-2.2665007800532093,0
E32W:R35L,-1.825812080075654,0
E32W:R35M,-1.7375094407453753,0
E32W:R35N,-2.2456460409311427,0
E32W:R35P,-2.122409152419832,0
E32W:R35Q,-2.087877088613184,0
E32W:R35S,-1.7337283496064175,0
E32W:R35T,-2.2533742614055243,0
E32W:R35V,-2.144004510585103,0
E32W:R35W,-1.61557358323825,0
E32W:R35Y,-1.773275748250049,0
E32W:R36A,-2.290147971696299,0
E32W:R36D,-2.6377030042044147,0
E32W:R36E,-2.748977673178963,0
E32W:R36F,-1.8241665894013,0
E32W:R36G,-2.2331587784046776,0
E32W:R36H,-2.179428596848457,0
E32W:R36I,-2.049741026181805,0
E32W:R36K,-1.9595021664903185,0
E32W:R36L,-1.7428995027517231,0
E32W:R36M,-1.9605829608074776,0
E32W:R36N,-2.100433063439194,0
E32W:R36P,-3.0620022693119133,0
E32W:R36Q,-2.473002828214561,0
E32W:R36S,-2.0968780541834207,0
E32W:R36T,-2.3572614306173385,0
E32W:R36V,-2.118139185777432,0
E32W:R36W,-1.780834110430133,0
E32W:R36Y,-1.8681969172372728,0
E32Y,-2.116136729324061,0
E32Y:R35A,-1.8993467289735728,0
E32Y:R35D,-2.5340755916056423,0
E32Y:R35E,-1.991116146674136,0
E32Y:R35F,-2.054849761687634,0
E32Y:R35G,-2.380653950777231,0
E32Y:R35H,-2.23694823346216,0
E32Y:R35I,-1.9651263396986656,0
E32Y:R35K,-2.209766219146341,0
E32Y:R35L,-2.052101396832678,0
E32Y:R35M,-2.033278510774397,0
E32Y:R35N,-2.308805765036671,0
E32Y:R35P,-2.949529948356606,0
E32Y:R35Q,-2.154198217281253,0
E32Y:R35S,-2.2093875842250106,0
E32Y:R35T,-2.3311609447419093,0
E32Y:R35V,-2.2076014472018968,0
E32Y:R35W,-1.712896871177782,0
E32Y:R35Y,-1.9004982827005048,0
E32Y:R36A,-2.506380967760504,0
E32Y:R36D,-2.8985493893189527,0
E32Y:R36E,-2.790924711679643,0
E32Y:R36F,-2.0498452395191022,0
E32Y:R36G,-2.4875522418410614,0
E32Y:R36H,-2.651518843593235,0
E32Y:R36I,-2.26124393213248,0
E32Y:R36K,-2.111295190928436,0
E32Y:R36L,-2.0862742798252203,0
E32Y:R36M,-2.1505968285776023,0
E32Y:R36N,-2.6447892314967616,0
E32Y:R36P,-3.2434646617048792,0
E32Y:R36Q,-2.5631071910588634,0
E32Y:R36S,-2.446226499501676,0
E32Y:R36T,-2.463089490125488,0
E32Y:R36V,-2.380092399278804,0
E32Y:R36W,-2.1834526726118817,0
E32Y:R36Y,-2.245546454007572,0
E7A,0.1224308897109112,1
E7C,-0.2138580454322678,1
E7D,-0.060005972795555,1
E7F,-0.010286595249811,1
E7G,-0.4003694844433223,1
E7H,-0.038104589931212,1
E7I,-0.1420844495752722,1
E7K,0.0814937442862797,1
E7L,-0.1123451083648845,1
E7M,-0.0587128546170316,1
E7N,-0.2802506256799626,1
E7P,-0.5894033583404172,1
E7Q,0.0169533401003629,1
E7R,-0.000735173889204,1
E7S,-0.1044681564151677,1
E7T,-0.193443701274024,1
E7V,-0.1574434289554016,1
E7W,0.0795838850210906,1
E7Y,-0.0297626448862615,1
F14A,-0.6959952865448429,1
F14C,-0.4035859444691621,1
F14D,-1.3379819980153511,0
F14E,-0.8944653516133503,1
F14G,-1.163731455577369,0
F14H,-0.292758427821564,1
F14I,-0.0819580637812773,1
F14K,-0.0943376633370949,1
F14L,-0.1178898720467342,1
F14M,-0.11888676256389,1
F14N,-0.5684515311106999,1
F14P,-3.1228603542072046,0
F14Q,-0.5595572358682439,1
F14R,0.014110564021732,1
F14S,-0.866704636894184,1
F14T,-0.4966264546112162,1
F14V,-0.2899310549827878,1
F14W,0.0985953173651124,1
F14Y,0.1031311857990582,1
F25A,-0.4444563527801231,1
F25C,0.0476149642045937,1
F25D,-0.5871664053683467,1
F25E,-0.3735089222067209,1
F25G,-1.1426913462777777,0
F25H,-0.4946294364466488,1
F25I,-0.0311869457396563,1
F25K,-0.7910490050147496,1
F25L,0.0895708006166615,1
F25M,-0.0377358477695874,1
F25N,-0.9844963806318828,1
F25P,-2.1457714131909467,0
F25Q,-0.3839089022012754,1
F25R,-0.8216107242933797,1
F25S,-0.713334450494044,1
F25T,-0.3772541819153039,1
F25V,-0.195513094352639,1
F25W,0.157844569205896,1
F25Y,0.1510893294114326,1
G39A,-0.082470999168339,1
G39C,0.4502928602841693,1
G39D,-0.0659469236797076,1
G39E,-0.0576933125134582,1
G39F,0.3267850539143642,1
G39H,0.0524302305438642,1
G39I,-0.1181376655906056,1
G39K,-0.3379035502424177,1
G39L,0.0771802959813316,1
G39M,0.2195169304617246,1
G39N,-0.0989380090078428,1
G39P,-0.7924466561715131,1
G39Q,-0.0097330134524353,1
G39R,-0.4605529085656399,1
G39S,0.1573884176071378,1
G39T,0.1343141360622972,1
G39V,-0.2352756171112835,1
G39W,0.6095348174946729,1
G39Y,0.2773818704413582,1
H40A,-0.2621085908612546,1
H40C,-0.2992675070136128,1
H40D,-0.4937389779750418,1
H40E,-0.5792725859693011,1
H40F,0.0545514369370265,1
H40G,-0.3649663934170215,1
H40I,-0.3475318528418656,1
H40K,-0.578339411336263,1
H40L,-0.3649440062767146,1
H40M,-0.378121636640659,1
H40N,-0.263829321913827,1
H40P,-0.6200006220270948,1
H40Q,-0.4939428284745539,1
H40R,-0.4808535807482919,1
H40S,-0.4397134395663116,1
H40T,-0.569577950774506,1
H40V,-0.5157238000754116,1
H40W,0.1504702317479678,1
H40Y,0.0467985054189994,1
I10A,-1.2029866210887086,0
I10C,-0.818867113526585,1
I10D,-2.5924548431624306,0
I10E,-1.6716044352033703,0
I10F,-0.6552795837948082,1
I10G,-1.9881202966710312,0
I10H,-1.8096748011292785,0
I10K,-1.2690016911625197,0
I10L,-0.0398117998948679,1
I10M,-0.4031522095217879,1
I10N,-2.1375405114061423,0
I10P,-3.1516318261620424,0
I10Q,-1.4962709908432157,0
I10R,-1.3185379176385696,0
I10S,-1.7530802947316688,0
I10T,-1.2869994255891726,0
I10V,-0.3881332407233322,1
I10W,-0.7476096228742115,1
I10Y,-1.1894698908068513,0
I26A,-1.3768794364590464,0
I26C,-1.3995059174841793,0
I26D,-2.593116512569816,0
I26E,-2.032826970043928,0
I26F,-0.8838506993405533,1
I26G,-2.142341295789656,0
I26H,-1.7484347536199527,0
I26K,-1.1388192353666735,0
I26L,-0.3034476397851549,1
I26M,-0.4893559119478001,1
I26N,-2.085894665006075,0
I26P,-2.848250681586625,0
I26Q,-1.179657865097092,0
I26R,-0.8706353468378554,1
I26S,-1.7992331181472538,0
I26T,-1.1463765849911818,0
I26V,-0.2994755282531804,1
I26W,-1.026113897707,0
I26Y,-1.1538559167579834,0
I29A,-1.424477037850192,0
I29C,-0.9695596495884766,1
I29D,-3.637935731117018,0
I29E,-3.6162673966913177,0
I29F,-0.2134283310176798,1
I29G,-3.1566567103700023,0
I29H,-1.333441572485591,0
I29K,-3.605320308300844,0
I29L,0.1046341225977398,1
I29M,-0.1929228144210579,1
I29N,-3.174539544066701,0
I29P,-4.286192125906721,0
I29Q,-2.314906565759218,0
I29R,-2.902973315613842,0
I29S,-2.599427286150779,0
I29T,-1.966316722435964,0
I29V,-0.6686833964509322,1
I29W,-1.0296794108955258,0
I29Y,-0.3337062339352359,1
I33A,-1.542085089174929,0
I33C,-1.2237756801721416,0
I33D,-3.46263156117908,0
I33E,-3.5186849568151497,0
I33F,-0.7390786086954089,1
I33G,-2.849820763933557,0
I33H,-3.065156889840557,0
I33K,-2.963433214337408,0
I33L,0.3577777580660721,1
I33M,0.1280463810299017,1
I33N,-3.5959867879972696,0
I33P,-3.7703433642052295,0
I33Q,-3.0205603222020634,0
I33R,-2.9063920098854497,0
I33S,-2.840159585670401,0
I33T,-2.4002670845072025,0
I33V,-0.6897813846508463,1
I33W,-1.8330414204527965,0
I33Y,-1.9187088756563944,0
I41A,-0.0828813636358924,1
I41C,-0.0839482214931104,1
I41D,-1.040159483354417,0
I41E,-0.5458108184110722,1
I41F,0.0260251766947101,1
I41G,-1.0564702870400926,0
I41H,-0.1025477944049129,1
I41K,-0.1760816624277792,1
I41L,0.312622125546623,1
I41M,0.1949006250250398,1
I41N,-0.5681233437150182,1
I41P,-0.9797448388122918,1
I41Q,-0.3756238364511128,1
I41R,-0.1350142175467796,1
I41S,-0.5573998359201706,1
I41T,-0.4470296059719048,1
I41V,-0.0658736125353547,1
I41W,-0.0494801261380901,1
I41Y,-0.0881919957750057,1
I42A,-0.798395031680875,1
I42C,-0.7391862966149083,1
I42D,-1.2746171199139522,0
I42E,-1.1872820487141986,0
I42F,-1.0330975756291307,0
I42G,-1.006718938472023,0
I42H,-0.94319371250297,1
I42K,-0.8458787931629672,1
I42L,-0.1392818129288264,1
I42M,-0.6853281427741078,1
I42N,-0.9942852986592424,1
I42P,-1.00918613485985,0
I42Q,-1.0276479747957867,0
I42R,-0.9372393755675384,1
I42S,-0.9020926468631072,1
I42T,-0.6652250726841689,1
I42V,-0.3120561201888394,1
I42W,-1.4463756021344674,0
I42Y,-1.818683425365376,0
K15A,-0.1112902664654775,1
K15C,0.1318005331914031,1
K15D,-0.821798202237439,1
K15E,-0.5823056891714202,1
K15F,0.0946059068384448,1
K15G,-0.7949681591697835,1
K15H,0.0719208401532824,1
K15I,-0.0420392540128324,1
K15L,0.0911576714503121,1
K15M,0.0209793744850133,1
K15N,-0.1980999410298429,1
K15P,-2.7721636368688327,0
K15Q,-0.2365947345482202,1
K15R,0.2757864361895379,1
K15S,-0.2485300736125193,1
K15T,-0.2611333440841159,1
K15V,-0.2024179741795979,1
K15W,0.3331695763898539,1
K15Y,0.2265022012750446,1
K34A,-0.271349155313338,1
K34C,-0.3414213793235259,1
K34D,-0.8243138573911559,1
K34E,-0.3886646944946359,1
K34F,0.1609670838694241,1
K34G,-0.8735992218928952,1
K34H,-0.0499882545263212,1
K34I,-0.0515170926991674,1
K34L,0.055649393385476,1
K34M,0.039855681114794,1
K34N,-0.1218313097287198,1
K34P,-3.2992042922899474,0
K34Q,-0.1725958094881132,1
K34R,0.1935797590328736,1
K34S,-0.4664047605865793,1
K34T,-0.333327540453034,1
K34V,-0.2597703618309328,1
K34W,0.0711587514794298,1
K34Y,0.1861102308664897,1
K3A,0.0124371843854058,1
K3C,-0.0889474849213822,1
K3D,0.4625853528096701,1
K3E,0.3974904990872199,1
K3F,-0.121923147342692,1
K3G,0.2095883680274091,1
K3H,0.2107079803005969,1
K3I,-0.412694230129623,1
K3L,0.0415244289595069,1
K3M,-0.12628895674204,1
K3N,0.379629390853009,1
K3P,-1.3770970692819136,0
K3Q,0.220919791070357,1
K3R,-0.3069119203899548,1
K3S,0.150890045700696,1
K3T,0.1524481548655001,1
K3V,-0.2601932200929759,1
K3W,-0.0632754325434445,1
K3Y,-0.325107140703488,1
L21A,0.0064761022800912,1
L21C,-0.0678320433326478,1
L21D,-0.5770302303787513,1
L21E,-0.4051919692715993,1
L21F,-0.0611251208907361,1
L21G,-0.4797635858936906,1
L21H,-0.4816951991192351,1
L21I,-0.2895188840493605,1
L21K,-0.4458149682590959,1
L21M,0.0639764167527383,1
L21N,-0.4728891859142918,1
L21P,-1.213108622485207,0
L21Q,-0.3781139688558679,1
L21R,-0.3545426420240183,1
L21S,-0.2368070732930158,1
L21T,-0.4432481249147058,1
L21V,-0.2254001404520771,1
L21W,-0.0053836140081626,1
L21Y,-0.0121193103332353,1
L28A,0.0104872061018603,1
L28C,-0.641940707186063,1
L28D,-0.686330161376596,1
L28E,-0.248385866212768,1
L28F,-0.6948304997215846,1
L28G,-1.0035706919060452,0
L28H,-0.7859945328034863,1
L28I,-0.0276543659047776,1
L28K,-0.5428077250388039,1
L28M,0.1084395348701985,1
L28N,-0.7543528338427841,1
L28P,-1.003189525939702,0
L28Q,-0.223349788882047,1
L28R,-0.668549472121859,1
L28S,-0.4897454445018829,1
L28T,-0.4369529105491758,1
L28V,-0.1454617033943255,1
L28W,-0.8603103259549556,1
L28Y,-0.900795066185311,1
L38A,-1.7657784338891802,0
L38C,-1.2839583148807154,0
L38D,-2.116435170869393,0
L38E,-1.977083759287146,0
L38F,-0.9379603885621934,1
L38G,-1.820855753187533,0
L38H,-1.7482402056566235,0
L38I,-0.7508691020976399,1
L38K,-1.5225013784568024,0
L38M,-0.4347203746683279,1
L38N,-1.870711140752416,0
L38P,-2.101249906763873,0
L38Q,-1.6025497179489323,0
L38R,-1.7067467166150392,0
L38S,-1.904885256829176,0
L38T,-1.984376753937182,0
L38V,-1.595399661498202,0
L38W,-1.5580680596214864,0
L38Y,-1.101701359434435,0
L4A,-0.903906822048548,1
L4C,-0.3901511492736675,1
L4D,-2.0527901059015856,0
L4E,-1.7810475367095415,0
L4F,-0.2264808390756112,1
L4G,-1.9919823265310548,0
L4H,-1.1991262738320725,0
L4I,-0.4500441987057901,1
L4K,-1.133321801550879,0
L4M,0.1875528123578806,1
L4N,-1.7790020475869597,0
L4P,-2.277599824289785,0
L4Q,-0.9100631148643216,1
L4R,-1.4304187684557492,0
L4S,-1.2878913938568903,0
L4T,-1.269564208158969,0
L4V,-0.6498805672796983,1
L4W,1.1957504095168794,1
L4Y,-0.22757964695248,1
L8A,0.292417758374988,1
L8C,0.0683107112493579,1
L8D,0.3323429999931901,1
L8E,0.5118621254785101,1
L8F,-0.2467235352436461,1
L8G,-0.273903818063073,1
L8H,-0.0913231840283774,1
L8I,-0.1322205036705197,1
L8K,0.1645521041426612,1
L8M,0.0633221134779544,1
L8N,-0.179714463847179,1
L8P,-1.954280545455649,0
L8Q,0.299423289828487,1
L8R,-0.0814080691750329,1
L8S,-0.0422624948742078,1
L8T,-0.1044409900104073,1
L8V,0.0547171901742271,1
L8W,-0.2322979662197681,1
L8Y,-0.307171021072246,1
L9A,-2.574109005250361,0
L9C,-2.0273981156129186,0
L9D,-2.4961515519109216,0
L9E,-3.033915947872553,0
L9F,-1.619107973402715,0
L9G,-2.387557861206397,0
L9H,-2.7184748938526653,0
L9I,-0.824113642837395,1
L9K,-2.4100555352677384,0
L9M,-1.8042321963413643,0
L9N,-2.8915151837579693,0
L9P,-3.477067134012142,0
L9Q,-2.612971916950734,0
L9R,-2.432967544979832,0
L9S,-2.739729662452421,0
L9T,-2.6139713296546168,0
L9V,-1.1597577041754974,0
L9W,-2.0802442124081164,0
L9Y,-2.4173370557524705,0
M19A,-0.2094593102006037,1
M19C,-0.2342135451113938,1
M19D,-0.4357374400441078,1
M19E,-0.3345810895395651,1
M19F,-0.3974974131906226,1
M19G,-0.3964371350824853,1
M19H,-0.4236082549154929,1
M19I,-0.6383486306113619,1
M19K,-0.5816028855794837,1
M19L,0.1165033256584266,1
M19N,-0.2888245994902374,1
M19P,-1.863230516949668,0
M19Q,-0.1960873470922357,1
M19R,-0.6264270966199121,1
M19S,-0.3635615873999209,1
M19T,-0.6674081044227744,1
M19V,-0.7937834654937936,1
M19W,-0.6390673271824907,1
M19Y,-0.3840692841953741,1
M1A,-0.974916348828308,1
M1C,0.0505979776337026,1
M1D,-1.805912246069127,0
M1E,-1.5500757198491515,0
M1F,0.1753321821436104,1
M1G,-1.6014749079030688,0
M1H,-0.9371346920768162,1
M1I,1.1769091494146284,1
M1K,-1.802450657921429,0
M1L,0.8136149351640629,1
M1N,-1.3981343605357308,0
M1P,-0.9816487866599584,1
M1Q,-1.42352820800465,0
M1R,-1.725647613194316,0
M1S,-1.4477597183937665,0
M1T,-0.9941273684566712,1
M1V,0.6371323377444416,1
M1W,-0.122160861702663,1
M1Y,-0.296896218830879,1
N20A,-0.1354179225901761,1
N20C,-0.2711690687313481,1
N20D,-0.3401355186223194,1
N20E,-0.3594908725574921,1
N20F,-0.2989486047880918,1
N20G,0.1597943140141828,1
N20H,-0.089479649647874,1
N20I,-0.7162202606934462,1
N20K,-0.1120753167023944,1
N20L,-0.2543011826497681,1
N20M,-0.1081525507985259,1
N20P,-0.7155669679569701,1
N20Q,-0.0573483444635005,1
N20R,-0.237318815239159,1
N20S,-0.242399474584519,1
N20T,-0.6127854414262037,1
N20V,-0.5556659713457259,1
N20W,-0.366721108427213,1
N20Y,-0.3607664014228748,1
N22A,0.1815863272683353,1
N22D,0.1331834162162772,1
N22E,-0.0576017318001502,1
N22F,-0.3749433174819012,1
N22G,0.0246884926570345,1
N22H,-0.0134926430780542,1
N22I,-0.5655587247676248,1
N22K,-0.2624644971456709,1
N22L,-0.3886873348250144,1
N22M,-0.3158982366984002,1
N22P,0.1978961944225359,1
N22Q,-0.1169614962534799,1
N22R,-0.0542995989620638,1
N22S,0.1264506434322179,1
N22T,-0.0923038835573697,1
N22V,-0.4969728712660615,1
N22W,-0.3384703252557846,1
N22Y,-0.5847931998961347,1
N31A,0.193270867647028,1
N31C,-0.2948590122443622,1
N31D,-0.1496324698050894,1
N31E,0.0568572186988203,1
N31F,0.0636887029835211,1
N31G,-0.3233128746941034,1
N31H,-0.1393075109309118,1
N31I,-0.0209010563052989,1
N31K,-0.0181714020717667,1
N31L,0.1696306245201659,1
N31M,0.1318877664108657,1
N31P,-2.558506934128049,0
N31Q,0.1672082103649179,1
N31R,0.0039188345199354,1
N31S,-0.023628872582849,1
N31T,-0.0059208418250338,1
N31V,-0.1553929806085858,1
N31W,-0.1562495010210947,1
N31Y,-0.0113537945738735,1
R23A,-0.1517475348222317,1
R23C,-0.6075065444327783,1
R23D,-0.5831837110690192,1
R23E,-0.5962223692701563,1
R23F,-0.3763967549076232,1
R23G,-0.4254329934081955,1
R23H,-0.1004925005262489,1
R23I,-0.2632930437559189,1
R23K,-0.0606009407945524,1
R23L,-0.265437079036622,1
R23M,-0.3295867457632186,1
R23N,-0.3628229122556128,1
R23P,-0.0925797660699352,1
R23Q,-0.2121614723375713,1
R23S,-0.1862850589140339,1
R23T,-0.3610728523335949,1
R23V,-0.4021756130356846,1
R23W,-0.207652471478879,1
R23Y,-0.3093758096152679,1
R2A,0.352491106766938,1
R2C,-0.1891092362211894,1
R2D,-0.0332067574994958,1
R2E,0.210586392769474,1
R2F,-0.0643931920988181,1
R2G,-0.0339844065432171,1
R2H,0.0979308567340346,1
R2I,-0.156970100745589,1
R2K,-0.0071475713198374,1
R2L,0.2604749566256719,1
R2M,0.5099552980971263,1
R2N,-0.1731991689603509,1
R2P,-0.97163411875139,1
R2Q,0.3303109819006478,1
R2S,0.4346801755596128,1
R2T,0.1701737181419318,1
R2V,-0.2143918759286558,1
R2W,0.0706787471463439,1
R2Y,-0.0082023121354106,1
R35A,-0.4948694057142894,1
R35A:R36A,-3.2541351036036814,0
R35A:R36D,-3.8208566079965327,0
R35A:R36E,-3.7337683848968974,0
R35A:R36F,-3.1802424374030105,0
R35A:R36G,-3.409279068614285,0
R35A:R36H,-2.9610923699376315,0
R35A:R36I,-3.272046117239764,0
R35A:R36K,-3.046139826434118,0
R35A:R36L,-2.750060295299709,0
R35A:R36M,-2.967228739840279,0
R35A:R36N,-3.3890059816973945,0
R35A:R36P,-3.676581005174627,0
R35A:R36Q,-3.4150432782109936,0
R35A:R36S,-3.4032879215557794,0
R35A:R36T,-3.183580663297354,0
R35A:R36V,-3.523304508325347,0
R35A:R36W,-2.7678148464348395,0
R35A:R36Y,-3.3002301384051616,0
R35C,-1.1153454798574105,0
R35D,-1.3079123842701958,0
R35D:R36A,-3.610950612569869,0
R35D:R36D,-3.891016061474938,0
R35D:R36E,-3.913715998634215,0
R35D:R36F,-3.054116913321534,0
R35D:R36G,-3.714548820226812,0
R35D:R36H,-3.1877507343439,0
R35D:R36I,-3.3851852485711027,0
R35D:R36K,-3.73698561043762,0
R35D:R36L,-3.4466211629523245,0
R35D:R36M,-3.2641295859996005,0
R35D:R36N,-3.687595260974611,0
R35D:R36P,-3.789898764795315,0
R35D:R36Q,-3.68116087474668,0
R35D:R36S,-3.965989978126697,0
R35D:R36T,-3.5473415425155124,0
R35D:R36V,-3.511355003236308,0
R35D:R36W,-3.3476390141616545,0
R35D:R36Y,-3.413694482597159,0
R35E,-1.01592887635548,0
R35E:R36A,-3.4007576808946585,0
R35E:R36D,-4.080785981243039,0
R35E:R36E,-4.413529132678611,0
R35E:R36F,-3.1762930347335105,0
R35E:R36G,-3.612974175027297,0
R35E:R36H,-3.773282737251461,0
R35E:R36I,-3.3739358346659163,0
R35E:R36K,-3.341066635717881,0
R35E:R36L,-3.4680427094426567,0
R35E:R36M,-3.2626141473886245,0
R35E:R36N,-3.465614308026901,0
R35E:R36P,-3.5656775239496987,0
R35E:R36Q,-3.927442283782564,0
R35E:R36S,-3.97253575416907,0
R35E:R36T,-3.7448822945006808,0
R35E:R36V,-3.429669425584668,0
R35E:R36W,-3.0407722542713413,0
R35E:R36Y,-3.036074014986198,0
R35F,-0.390726464588692,1
R35F:R36A,-3.057841906799413,0
R35F:R36D,-3.4011915254252894,0
R35F:R36E,-3.481897332155546,0
R35F:R36F,-2.2326532195312456,0
R35F:R36G,-3.2595093032391933,0
R35F:R36H,-2.794745687178392,0
R35F:R36I,-2.829870092057956,0
R35F:R36K,-2.956085713905163,0
R35F:R36L,-2.555113865830952,0
R35F:R36M,-2.84684243477679,0
R35F:R36N,-3.327533245471618,0
R35F:R36P,-3.706023947849811,0
R35F:R36Q,-3.087766723813627,0
R35F:R36S,-2.9239394855186567,0
R35F:R36T,-3.1964232786883406,0
R35F:R36V,-3.110294026889832,0
R35F:R36W,-2.39393391350397,0
R35F:R36Y,-2.711062217783826,0
R35G,-1.330069003533472,0
R35G:R36A,-3.330080125244294,0
R35G:R36D,-3.743377930197316,0
R35G:R36E,-4.243007822945456,0
R35G:R36F,-3.2083694800532103,0
R35G:R36G,-3.6430151749002495,0
R35G:R36H,-3.462852245545905,0
R35G:R36I,-3.134806611603072,0
R35G:R36K,-3.166932410595561,0
R35G:R36L,-3.394212332326893,0
R35G:R36M,-3.2327446661770978,0
R35G:R36N,-3.6451790702693008,0
R35G:R36Q,-3.580561499212565,0
R35G:R36S,-3.45575234163174,0
R35G:R36T,-3.683986002047221,0
R35G:R36V,-3.71379349011546,0
R35G:R36W,-3.5827317016725484,0
R35G:R36Y,-3.393199176095042,0
R35H,-0.8098008855445885,1
R35H:R36A,-3.5040570831240965,0
R35H:R36D,-3.4593174295867968,0
R35H:R36E,-3.736754805333384,0
R35H:R36F,-3.270562117113596,0
R35H:R36G,-3.7950819520090286,0
R35H:R36H,-3.130306367714952,0
R35H:R36I,-3.3385990374471333,0
R35H:R36K,-3.527304410940918,0
R35H:R36L,-2.964797154415208,0
R35H:R36M,-3.000395594823318,0
R35H:R36N,-3.2849865034551744,0
R35H:R36P,-3.581816869398491,0
R35H:R36Q,-3.4446513340187503,0
R35H:R36S,-3.370642214907924,0
R35H:R36T,-3.052894283420424,0
R35H:R36V,-3.2566477284422346,0
R35H:R36W,-2.961731488404128,0
R35H:R36Y,-2.9861285654383884,0
R35I,-0.8150280551664446,1
R35I:R36A,-3.3483891882991133,0
R35I:R36D,-3.059745435413832,0
R35I:R36E,-3.688520137032378,0
R35I:R36F,-3.108602449801636,0
R35I:R36G,-3.1723654302241897,0
R35I:R36H,-2.947721513161908,0
R35I:R36I,-2.855793822571916,0
R35I:R36K,-2.8637669566953114,0
R35I:R36L,-2.6571325138669284,0
R35I:R36M,-2.922200658267342,0
R35I:R36N,-3.4738136623390217,0
R35I:R36P,-4.069738420726504,0
R35I:R36Q,-3.3364967654434783,0
R35I:R36S,-3.103297758500544,0
R35I:R36T,-3.120118405044696,0
R35I:R36V,-2.602133531847728,0
R35I:R36W,-2.6986338979687385,0
R35I:R36Y,-2.669406256214962,0
R35K,-0.7212004198350135,1
R35K:R36A,-3.135642193701832,0
R35K:R36D,-3.851870710759588,0
R35K:R36E,-3.712913298490835,0
R35K:R36F,-3.076027338367592,0
R35K:R36G,-3.564429740101714,0
R35K:R36H,-3.0482627655015704,0
R35K:R36I,-2.70329191785827,0
R35K:R36K,-3.110877034352218,0
R35K:R36L,-2.5455126485231045,0
R35K:R36M,-3.013623849348221,0
R35K:R36N,-3.2399373469362893,0
R35K:R36P,-3.623773880333004,0
R35K:R36Q,-3.268503861052765,0
R35K:R36S,-3.0950020743952544,0
R35K:R36T,-3.485000931243784,0
R35K:R36V,-3.34180965780489,0
R35K:R36W,-2.6352956672570675,0
R35K:R36Y,-2.884200882885461,0
R35L,-0.5327830658880383,1
R35L:R36A,-3.006072994934268,0
R35L:R36D,-3.513516611726413,0
R35L:R36E,-3.593908871620536,0
R35L:R36F,-3.2809668610784275,0
R35L:R36G,-3.2898306633109486,0
R35L:R36H,-3.221581019980447,0
R35L:R36I,-2.8031849643235804,0
R35L:R36K,-3.0281523172718705,0
R35L:R36L,-2.7797766593643214,0
R35L:R36M,-3.0296000455413754,0
R35L:R36N,-3.47400443406899,0
R35L:R36P,-3.817686962179808,0
R35L:R36Q,-3.142611417145237,0
R35L:R36S,-3.139932178958344,0
R35L:R36T,-3.073543816438626,0
R35L:R36V,-3.0728896612088485,0
R35L:R36W,-2.7757659890368327,0
R35L:R36Y,-2.945802022374952,0
R35M,-0.7418997638271776,1
R35M:R36A,-3.165274976918903,0
R35M:R36D,-3.932383447492049,0
R35M:R36E,-4.113937093843041,0
R35M:R36F,-2.967689806151686,0
R35M:R36G,-3.472045169892362,0
R35M:R36H,-3.184338450937992,0
R35M:R36I,-3.052096373570804,0
R35M:R36K,-3.0505971209225566,0
R35M:R36L,-2.948690093439547,0
R35M:R36M,-2.98531569358401,0
R35M:R36N,-3.509519145100464,0
R35M:R36P,-3.5693063879838065,0
R35M:R36Q,-3.333832066160498,0
R35M:R36S,-3.12076688621858,0
R35M:R36T,-3.3555635475676606,0
R35M:R36V,-3.2162753581558547,0
R35M:R36W,-2.51802670294784,0
R35M:R36Y,-2.6279832096931885,0
R35N,-0.8071857687650636,1
R35N:R36A,-3.620745635520264,0
R35N:R36E,-3.523715632625982,0
R35N:R36F,-3.004016383370487,0
R35N:R36G,-3.129392533584623,0
R35N:R36H,-3.1765430546290125,0
R35N:R36I,-2.968137157416783,0
R35N:R36K,-3.0202442372673333,0
R35N:R36L,-2.95657235115359,0
R35N:R36M,-3.276748449390626,0
R35N:R36N,-3.09807869558317,0
R35N:R36P,-3.974484517043779,0
R35N:R36Q,-3.7870874488344377,0
R35N:R36S,-3.4950832955146915,0
R35N:R36T,-3.1122696906262903,0
R35N:R36V,-3.402001749331834,0
R35N:R36W,-3.19608359888338,0
R35N:R36Y,-3.071846163397672,0
R35P,-3.753796766751466,0
R35P:R36A,-3.840276568747058,0
R35P:R36D,-3.74584046536092,0
R35P:R36G,-3.6570702140473546,0
R35P:R36H,-3.7390818248351767,0
R35P:R36I,-3.550731384028897,0
R35P:R36K,-3.5331126698492232,0
R35P:R36L,-4.310776214508785,0
R35P:R36M,-3.6314058601376127,0
R35P:R36N,-3.4499747033609816,0
R35P:R36P,-3.6315619369862,0
R35P:R36Q,-3.649618779779593,0
R35P:R36S,-3.55293254914901,0
R35P:R36T,-3.3532110862401168,0
R35P:R36V,-3.3306021454742023,0
R35P:R36W,-3.500746389308295,0
R35Q,-0.8720646302200357,1
R35Q:R36A,-3.268261907582649,0
R35Q:R36D,-3.7145430001262834,0
R35Q:R36E,-3.906644277598882,0
R35Q:R36F,-3.160715309702572,0
R35Q:R36G,-3.5167411628245566,0
R35Q:R36H,-3.4504113141267374,0
R35Q:R36I,-3.465542808412894,0
R35Q:R36K,-3.390575548131392,0
R35Q:R36L,-3.060180141409204,0
R35Q:R36M,-3.389222659980424,0
R35Q:R36N,-3.5384663083783736,0
R35Q:R36P,-3.839101424260536,0
R35Q:R36Q,-3.3187708150791466,0
R35Q:R36S,-3.539753914882638,0
R35Q:R36T,-3.644668515142482,0
R35Q:R36V,-3.352939635293367,0
R35Q:R36W,-3.1329318858829858,0
R35Q:R36Y,-3.421116890371228,0
R35S,-0.7380521434672509,1
R35S:R36A,-3.078855902561426,0
R35S:R36D,-3.6503854047766313,0
R35S:R36E,-3.470964122467066,0
R35S:R36F,-3.1222852838278268,0
R35S:R36G,-3.107033908371115,0
R35S:R36H,-3.3192691161334222,0
R35S:R36I,-3.058466820865623,0
R35S:R36K,-3.2017569705570503,0
R35S:R36L,-2.48015513312028,0
R35S:R36M,-3.185603898195762,0
R35S:R36N,-3.608131683304895,0
R35S:R36P,-3.618608384260245,0
R35S:R36Q,-3.3560189111644965,0
R35S:R36S,-3.1421499867924743,0
R35S:R36T,-3.4109277944935363,0
R35S:R36V,-2.9638633748014134,0
R35S:R36W,-3.1147038547706933,0
R35S:R36Y,-3.6746315812213446,0
R35T,-1.0367249833480137,0
R35T:R36A,-2.777143509765468,0
R35T:R36E,-3.784298105974196,0
R35T:R36F,-3.33620240727726,0
R35T:R36G,-3.4930705261706145,0
R35T:R36H,-3.608570824520711,0
R35T:R36I,-3.3749885380679814,0
R35T:R36K,-3.3186610028332546,0
R35T:R36L,-3.1975206200193744,0
R35T:R36M,-3.674798093992149,0
R35T:R36N,-3.4663659591914224,0
R35T:R36P,-3.6499883811688094,0
R35T:R36Q,-3.428680978626326,0
R35T:R36S,-3.336255912393,0
R35T:R36T,-3.4447143952690493,0
R35T:R36V,-3.4286768500246074,0
R35T:R36W,-3.058916254668145,0
R35T:R36Y,-3.274578904949324,0
R35V,-0.9418739098743212,1
R35V:R36A,-3.2307733194388586,0
R35V:R36D,-3.653802004394092,0
R35V:R36E,-4.0835172081908855,0
R35V:R36F,-3.238284565118448,0
R35V:R36G,-4.011241530913615,0
R35V:R36H,-3.56182110236724,0
R35V:R36I,-3.1055364469669144,0
R35V:R36K,-3.3854265781405872,0
R35V:R36L,-3.033161051509319,0
R35V:R36M,-3.2079277234278023,0
R35V:R36N,-3.5837225606266707,0
R35V:R36P,-3.615310668566356,0
R35V:R36Q,-3.668448541568652,0
R35V:R36S,-3.343709041816042,0
R35V:R36T,-3.300906407935148,0
R35V:R36V,-3.260159721563304,0
R35V:R36W,-3.00611208771613,0
R35V:R36Y,-2.757101512062854,0
R35W,-0.7169340507274516,1
R35W:R36A,-3.0764944770349407,0
R35W:R36D,-3.622490008364161,0
R35W:R36E,-3.3313118431974984,0
R35W:R36F,-2.3677185889623984,0
R35W:R36G,-2.9313093920228788,0
R35W:R36H,-3.726567576906204,0
R35W:R36I,-2.7200355355431904,0
R35W:R36K,-3.0795625707631618,0
R35W:R36L,-2.79746476467204,0
R35W:R36M,-2.76371283303418,0
R35W:R36N,-3.2093784747183363,0
R35W:R36P,-3.4537818211854376,0
R35W:R36Q,-3.186537277846316,0
R35W:R36S,-3.43688790971149,0
R35W:R36T,-2.653431625117018,0
R35W:R36V,-2.7234110382818035,0
R35W:R36W,-2.248288075768702,0
R35W:R36Y,-2.503558586476712,0
R35Y,-0.4454426566185878,1
R35Y:R36A,-3.3274958172741886,0
R35Y:R36D,-3.5764121939893387,0
R35Y:R36E,-3.550226711009273,0
R35Y:R36F,-2.9763184126635367,0
R35Y:R36G,-3.229110422873962,0
R35Y:R36H,-3.1009137176276163,0
R35Y:R36I,-2.9009011323829146,0
R35Y:R36K,-3.467111139683213,0
R35Y:R36L,-2.767749145783021,0
R35Y:R36M,-2.7213770681575635,0
R35Y:R36N,-3.1318270806213087,0
R35Y:R36P,-3.613688262215463,0
R35Y:R36Q,-3.185548621723147,0
R35Y:R36S,-3.187158215039094,0
R35Y:R36T,-3.162482830252113,0
R35Y:R36V,-3.140306642263426,0
R35Y:R36W,-2.566643086880485,0
R35Y:R36Y,-2.6153501704993456,0
R36A,-3.040975505451431,0
R36C,-3.3206496829914087,0
R36D,-3.877768407749719,0
R36E,-3.614165907110823,0
R36F,-2.5506665205340804,0
R36G,-3.1398896153377422,0
R36H,-3.010117151463421,0
R36I,-2.572955194609741,0
R36K,-2.945093281596062,0
R36L,-2.3794532648252447,0
R36M,-2.8028409000984253,0
R36N,-3.438000655070103,0
R36P,-3.886825590895844,0
R36Q,-3.090506575614265,0
R36S,-3.2778635883885743,0
R36T,-3.057008203073712,0
R36V,-2.953579491729404,0
R36W,-2.4480172708405084,0
R36Y,-2.7051543031193,0
S12A,0.4672072789818768,1
S12C,0.2338997910937807,1
S12D,-1.111494858779154,0
S12E,0.0055418926245289,1
S12F,0.9268558762793068,1
S12G,-0.5832470714782603,1
S12H,0.00444967047224,1
S12I,0.4439838852873521,1
S12K,-0.1947578594805556,1
S12L,1.1121425213598792,1
S12M,0.7811457846524874,1
S12N,-0.3802307242970237,1
S12P,-3.217961983952338,0
S12Q,0.1525256790421538,1
S12R,-0.4164785439632648,1
S12T,0.5131239887015062,1
S12V,0.4838136465301494,1
S12W,1.0715742022411092,1
S12Y,0.6707488191323909,1
S37A,-0.0128367464828871,1
S37D,-0.2183118812228035,1
S37E,-0.1998472095545778,1
S37F,0.0656166181134096,1
S37G,0.2306775039530233,1
S37H,0.0772360634115441,1
S37I,-0.6370660920102997,1
S37K,0.1729681501552398,1
S37L,0.0845778502663838,1
S37M,0.0979270618186318,1
S37N,0.1370359250977504,1
S37P,-1.8059465633582936,0
S37Q,0.0385022018747021,1
S37R,0.2080398317416794,1
S37T,-0.3865715988892866,1
S37V,-0.4316406388776306,1
S37W,-0.2825848642766857,1
S37Y,-0.0847653894541178,1
S43A,0.0927200988108341,1
S43C,-0.1596759208960998,1
S43D,0.0107044032203216,1
S43E,0.1053702247426047,1
S43F,-0.2684823228482633,1
S43G,0.1429018606588017,1
S43H,0.0856708798737795,1
S43I,0.1134847062834154,1
S43K,0.117640868680533,1
S43L,-0.0029300880383216,1
S43M,-0.0412140577104445,1
S43N,0.0946084695202085,1
S43P,-0.069337158458663,1
S43Q,0.1298917292794406,1
S43R,0.0626491811047929,1
S43T,0.1753285133056694,1
S43V,0.0633756918003163,1
S43W,-0.5914480448163815,1
S43Y,-0.3962031232156153,1
S5A,-0.6290861085169333,1
S5C,-0.5583131190398882,1
S5D,-0.7247399156547107,1
S5E,-1.0052868283980805,0
S5F,-1.097290418160933,0
S5G,-0.7766326441451494,1
S5H,-1.1715226365314615,0
S5I,-0.790133776783835,1
S5K,-0.9445519094654866,1
S5L,-1.0125125685990457,0
S5M,-1.0684636267511696,0
S5N,-0.602502126226196,1
S5P,-0.2921076557925621,1
S5Q,-1.121948157870456,0
S5R,-0.8684742042080198,1
S5T,-0.045481710226781,1
S5V,-0.9961437436548382,1
S5W,-1.0701499726458574,0
S5Y,-1.170991741143408,0
T17A,-0.1502172696574111,1
T17C,-0.1457280910716818,1
T17D,-0.9073388655634004,1
T17E,-0.5309098797470178,1
T17F,0.1569491652500199,1
T17G,-0.4476500577443891,1
T17H,0.1582680376721459,1
T17I,0.3544077516682677,1
T17K,0.3933460812336329,1
T17L,0.1083025640418338,1
T17M,0.2718669651803558,1
T17N,-0.213132636569763,1
T17P,-1.3186879883045162,0
T17Q,0.1796304205104668,1
T17R,0.4849547237431375,1
T17S,-0.1882990264355672,1
T17V,0.2888459524728857,1
T17W,0.3539153361911662,1
T17Y,0.10275162608011,1
V44A,0.1837347433282601,1
V44C,-0.2686248197664165,1
V44D,0.1165352151764569,1
V44E,0.1171546713075701,1
V44F,0.126655998675246,1
V44G,0.0805599024477889,1
V44H,0.0656653363875938,1
V44I,0.0445622912005467,1
V44K,0.1248434263563949,1
V44L,0.1476302796960169,1
V44M,0.1760921926510081,1
V44N,0.1875333783782751,1
V44P,-0.0478103379172876,1
V44Q,0.1556165560639488,1
V44R,0.0148168542069946,1
V44S,0.1698694453755758,1
V44T,0.1265048310192682,1
V44W,0.1464396604169433,1
V44Y,-0.1741199197242715,1
Y13A,-2.2331938249193435,0
Y13C,-1.6835483403613556,0
Y13D,-3.4782609942368583,0
Y13E,-3.351273657206619,0
Y13F,-0.194801000185496,1
Y13G,-2.9738659415369875,0
Y13H,-1.6121964241951732,0
Y13I,-1.806116913438759,0
Y13K,-2.268096066199997,0
Y13L,-0.865563249489842,1
Y13M,-1.515746302759621,0
Y13N,-3.0223916797518946,0
Y13P,-3.192213553330747,0
Y13Q,-2.557258843033118,0
Y13R,-2.104423395260649,0
Y13S,-2.647349144905646,0
Y13T,-2.9895331363956723,0
Y13V,-2.0575654308557456,0
Y13W,0.3342619873185741,1
